x_m,y_m,r
0,0,-6.55178180109587e-05
0.100613189737843,0.000302312129166835,-6.55178180109587e-05
0.201226379473486,0.000603961011579333,-6.55178205983268e-05
0.30183956920253,0.000904946647237524,-6.55178231867712e-05
0.402452758920577,0.00120526903614146,-6.55178257731317e-05
0.503065948623228,0.00150492817829124,-6.55178283618334e-05
0.603679138306084,0.00180392407368697,-6.55178309477147e-05
0.704292327964745,0.00210225672232881,-6.55178335371482e-05
0.804905517594813,0.00239992612421692,-6.55178361249378e-05
0.905518707191888,0.0026969322793515,-6.55178387107196e-05
1.00613189675157,0.0029932751877328,-6.55178413016681e-05
1.10674508626947,0.00328895484936108,-6.55178438840292e-05
1.20735827574117,0.00358397126423663,-6.55178464785117e-05
1.30797146516229,0.00387832443235976,-6.55178490621213e-05
1.40858465452842,0.00417201435373083,-6.55178516498002e-05
1.50919784383516,0.00446504102835022,-6.55178542409373e-05
1.60981103307812,0.00475740445621833,-6.55178568276283e-05
1.7104242222529,0.00504910463733561,-6.55178594129532e-05
1.81103741135509,0.00534014157170252,-6.55178620032562e-05
1.9116506003803,0.00563051525931956,-6.5517864592433e-05
2.01226378932413,0.00592022570018724,-6.5517867177912e-05
2.11287697818218,0.00620927289430614,-6.55178697677438e-05
2.21349016695005,0.00649765684167682,-6.55178723571213e-05
2.31410335562335,0.00678537754229991,-6.55178749403824e-05
2.41471654419766,0.00707243499617604,-6.55178775340307e-05
2.5153297326686,0.00735882920330588,-6.55178801201826e-05
2.61594292103177,0.00764456016369015,-6.55178827083348e-05
2.71655610928276,0.00792962787732955,-6.55178852996191e-05
2.81716929741719,0.00821403234422486,-6.55178878804558e-05
2.91778248543063,0.00849777356437686,-6.55178904764758e-05
3.01839567331871,0.00878085153778637,-6.55178930614475e-05
3.11900886107702,0.00906326626445424,-6.55178956513601e-05
3.21962204870116,0.00934501774438133,-6.5517898240519e-05
3.32023523618674,0.00962610597756856,-6.55179008248531e-05
3.42084842352934,0.00990653096401685,-6.55179034176542e-05
3.52146161072459,0.0101862927037272,-6.55179060077818e-05
3.62207479776806,0.0104653911967005,-6.55179085919169e-05
3.72268798465538,0.0107438264429379,-6.55179111795164e-05
3.82330117138213,0.0110215984424404,-6.55179137689765e-05
3.92391435794392,0.0112987071952091,-6.5517916368102e-05
4.02452754433635,0.011575152701245,-6.55179189431421e-05
4.12514073055503,0.0118509349605494,-6.55179215429355e-05
4.22575391659554,0.0121260539731233,-6.55179241267958e-05
4.3263671024535,0.012400509738968,-6.55179267050737e-05
4.4269802881245,0.0126743022580848,-6.55179293121266e-05
4.52759347360415,0.0129474315304748,-6.5517931896015e-05
4.62820665888804,0.0132198975561393,-6.55179344794193e-05
4.72881984397178,0.0134917003350797,-6.55179370622358e-05
4.82943302885097,0.0137628398672974,-6.55179396775082e-05
4.93004621352121,0.0140333161527935,-6.5517942237096e-05
5.0306593979781,0.0143031291915697,-6.55179448386728e-05
5.13127258221724,0.0145722789836273,-6.55179474336436e-05
5.23188576623423,0.0148407655289677,-6.55179500111849e-05
5.33249895002467,0.0151085888275925,-6.55179526147183e-05
5.43311213358417,0.0153757488795031,-6.55179551883638e-05
5.53372531690833,0.0156422456847012,-6.5517957792153e-05
5.63433849999274,0.0159080792431882,-6.55179603746139e-05
5.73495168283301,0.0161732495549658,-6.5517962956621e-05
5.83556486542474,0.0164377566200357,-6.55179655503409e-05
5.93617804776352,0.0167016004383995,-6.55179681533005e-05
6.03679122984497,0.0169647810100588,-6.55179707322944e-05
6.13740441166468,0.0172272983350154,-6.5517973316502e-05
6.23801759321825,0.0174891524132711,-6.55179759063632e-05
6.33863077450129,0.0177503432448277,-6.5517978514348e-05
6.43924395550939,0.0180108708296868,-6.55179810797689e-05
6.53985713623816,0.0182707351678505,-6.55179836837714e-05
6.64047031668319,0.0185299362593205,-6.55179862675539e-05
6.7410834968401,0.0187884741040988,-6.55179888644119e-05
6.84169667670447,0.0190463487021872,-6.55179914519925e-05
6.94230985627191,0.0193035600535877,-6.55179940306432e-05
7.04292303553802,0.0195601081583024,-6.55179966334955e-05
7.14353621449841,0.0198159930163332,-6.55179992218892e-05
7.24414939314866,0.0200712146276821,-6.55180018048089e-05
7.34476257148439,0.0203257729923513,-6.55180044040358e-05
7.4453757495012,0.0205796681103428,-6.55180069838752e-05
7.54598892719468,0.0208328999816588,-6.55180095827896e-05
7.64660210456044,0.0210854686063014,-6.55180121712363e-05
7.74721528159408,0.0213373739842728,-6.55180147522007e-05
7.8478284582912,0.0215886161155753,-6.55180173573371e-05
7.9484416346474,0.021839195000211,-6.55180199345521e-05
8.04905481065828,0.0220891106381823,-6.55180225352406e-05
8.14966798631944,0.0223383630294914,-6.55180251109578e-05
8.25028116162649,0.0225869521741408,-6.55180277153096e-05
8.35089433657502,0.0228348780721327,-6.55180303059193e-05
8.45150751116064,0.0230821407234695,-6.55180328767127e-05
8.55212068537894,0.0233287401281538,-6.55180354942304e-05
8.65273385922553,0.0235746762861878,-6.55180380719803e-05
8.75334703269601,0.0238199491975741,-6.55180406536837e-05
8.85396020578598,0.0240645588623153,-6.55180432571507e-05
8.95457337849104,0.0243085052804138,-6.55180458446917e-05
9.05518655080679,0.0245517884518722,-6.55180484344563e-05
9.15579972272883,0.0247944083766931,-6.55180510200871e-05
9.25641289425277,0.0250363650548792,-6.55180536251975e-05
9.35702606537421,0.025277658486433,-6.55180561921444e-05
9.45763923608874,0.0255182886713574,-6.55180588038833e-05
9.55825240639196,0.0257582556096549,-6.55180613937142e-05
9.65886557627949,0.0259975593013283,-6.55180639657514e-05
9.75947874574691,0.0262361997463805,-6.55180665700262e-05
9.86009191478983,0.0264741769448142,-6.55180691652534e-05
9.96070508340386,0.0267114908966322,-6.55180717514536e-05
10.0613182515846,0.0269481416018374,-6.55180743300927e-05
10.1619314193276,0.0271841290604327,-6.55180769546689e-05
10.2625445866286,0.027419453272421,-6.55180795035405e-05
10.363157753483,0.0276541142378052,-6.55180821056705e-05
10.4637709198865,0.0278881119565884,-6.55180847391813e-05
10.5643840858348,0.0281214464287734,-6.55180872817111e-05
10.6649972513234,0.0283541176543635,-6.55180898645183e-05
10.7656104163478,0.0285861256333616,-6.55180925014324e-05
10.8662235809038,0.0288174703657708,-6.55180950716367e-05
10.9668367449869,0.0290481518515942,-6.5518097657576e-05
11.0674499085927,0.029278170090835,-6.55181002365046e-05
11.1680630717168,0.0295075250834965,-6.55181028810831e-05
11.2686762343549,0.0297362168295816,-6.55181054012945e-05
11.3692893965024,0.0299642453290938,-6.55181080445409e-05
11.4699025581551,0.0301916105820363,-6.5518110611356e-05
11.5705157193085,0.0304183125884124,-6.55181132070442e-05
11.6711288799582,0.0306443513482254,-6.55181157928058e-05
11.7717420400998,0.0308697268614787,-6.55181183928481e-05
11.8723551997289,0.0310944391281756,-6.55181209974386e-05
11.9729683588412,0.0313184881483196,-6.55181235803215e-05
12.0735815174322,0.031541873921914,-6.55181261507802e-05
12.1741946754975,0.0317645964489625,-6.55181287824114e-05
12.2748078330328,0.0319866557294684,-6.55181313143051e-05
12.3754209900335,0.0322080517634354,-6.55181339640613e-05
12.4760341464954,0.0324287845508669,-6.55181365249746e-05
12.576647302414,0.0326488540917666,-6.55181391377768e-05
12.677260457785,0.0328682603861381,-6.5518141722779e-05
12.7778736126039,0.0330870034339849,-6.55181442930732e-05
12.8784867668663,0.0333050832353109,-6.55181468943158e-05
12.9790999205678,0.0335224997901197,-6.55181495119206e-05
13.0797130737041,0.033739253098415,-6.55181520682637e-05
13.1803262262707,0.0339553431602007,-6.55181546783459e-05
13.2809393782632,0.0341707699754804,-6.55181572845518e-05
13.3815525296773,0.034385533544258,-6.55181598502352e-05
13.4821656805085,0.0345996338665374,-6.55181624618446e-05
13.5827788307525,0.0348130709423225,-6.55181650423473e-05
13.6833919804048,0.0350258447716171,-6.55181676290695e-05
13.784005129461,0.0352379553544252,-6.55181702381551e-05
13.8846182779168,0.0354494026907508,-6.55181728099134e-05
13.9852314257677,0.0356601867805979,-6.55181754346783e-05
14.0858445730094,0.0358703076239704,-6.5518177991836e-05
14.1864577196374,0.0360797652208725,-6.55181806134534e-05
14.2870708656474,0.0362885595713082,-6.55181831758034e-05
14.3876840110349,0.0364966906752817,-6.55181857822556e-05
14.4882971557955,0.036704158532797,-6.5518188382556e-05
14.5889102999249,0.0369109631438584,-6.55181909757749e-05
14.6895234434187,0.0371171045084701,-6.55181935586605e-05
14.7901365862724,0.0373225826266362,-6.55181961590202e-05
14.8907497284817,0.0375273974983611,-6.55181987294008e-05
14.9913628700421,0.0377315491236491,-6.55182013344628e-05
15.0919760109492,0.0379350375025044,-6.5518203940274e-05
15.1925891511987,0.0381378626349314,-6.55182065413857e-05
15.2932022907862,0.0383400245209344,-6.55182090942279e-05
15.3938154297072,0.038541523160518,-6.55182117209542e-05
15.4944285679574,0.0387423585536865,-6.55182143085493e-05
15.5950417055324,0.0389425307004444,-6.55182168915943e-05
15.6956548424277,0.0391420396007961,-6.55182194854139e-05
15.796267978639,0.0393408852547463,-6.55182220747805e-05
15.8968811141618,0.0395390676622994,-6.55182246842426e-05
15.9974942489918,0.03973658682346,-6.5518227268274e-05
16.0981073831246,0.0399334427382328,-6.5518229846022e-05
16.1987205165557,0.0401296354066224,-6.5518232464402e-05
16.2993336492808,0.0403251648286334,-6.55182350385203e-05
16.3999467812954,0.0405200310042705,-6.55182376507019e-05
16.5005599125953,0.0407142339335386,-6.55182402336544e-05
16.6011730431759,0.0409077736164422,-6.55182428028512e-05
16.7017861730328,0.0411006500529863,-6.55182454460073e-05
16.8023993021618,0.0412928632431756,-6.55182479956189e-05
16.9030124305583,0.041484413187015,-6.55182506154559e-05
17.003625558218,0.0416752998845093,-6.55182531885732e-05
17.1042386851364,0.0418655233356634,-6.55182558134191e-05
17.2048518113093,0.0420550835404823,-6.55182583649393e-05
17.3054649367321,0.042243980498971,-6.5518260985258e-05
17.4060780614005,0.0424322142111344,-6.55182635707318e-05
17.5066911853101,0.0426197846769776,-6.55182661601231e-05
17.6073043084564,0.0428066918965055,-6.55182687783464e-05
17.7079174308352,0.0429929358697233,-6.55182713464765e-05
17.8085305524419,0.043178516596636,-6.55182739393052e-05
17.9091436732722,0.0433634340772489,-6.55182765407439e-05
18.0097567933217,0.0435476883115671,-6.5518279125146e-05
18.1103699125859,0.0437312792995957,-6.55182817477243e-05
18.2109830310606,0.04391420704134,-6.55182843085733e-05
18.3115961487412,0.0440964715368052,-6.55182869284501e-05
18.4122092656235,0.0442780727859967,-6.55182894960315e-05
18.5128223817029,0.0444590107889197,-6.55182921115574e-05
18.6134354969751,0.0446392855455795,-6.55182946922984e-05
18.7140486114357,0.0448188970559816,-6.55182972952089e-05
18.8146617250803,0.0449978453201313,-6.55182998824161e-05
18.9152748379045,0.0451761303380341,-6.55183024714179e-05
19.0158879499039,0.0453537521096955,-6.55183050842659e-05
19.1165010610741,0.0455307106351208,-6.55183076687696e-05
19.2171141714107,0.0457070059143156,-6.55183102403088e-05
19.3177272809092,0.0458826379472855,-6.55183128757849e-05
19.4183403895654,0.046057606734036,-6.55183154422758e-05
19.5189534973748,0.0462319122745728,-6.5518318050587e-05
19.619566604333,0.0464055545689014,-6.55183206128806e-05
19.7201797104355,0.0465785336170276,-6.55183232601984e-05
19.8207928156781,0.0467508494189569,-6.55183258193732e-05
19.9214059200563,0.0469225019746952,-6.55183284168922e-05
20.0220190235657,0.0470934912842482,-6.55183310103942e-05
20.1226321262019,0.0472638173476217,-6.55183336150381e-05
20.2232452279605,0.0474334801648214,-6.55183362021326e-05
20.3238583288371,0.0476024797358532,-6.55183388031104e-05
20.4244714288273,0.0477708160607229,-6.55183413936899e-05
20.5250845279268,0.0479384891394366,-6.55183439774555e-05
20.625697626131,0.048105498972,-6.55183465984702e-05
20.7263107234357,0.0482718455584191,-6.55183491511154e-05
20.8269238198363,0.0484375288987,-6.5518351786733e-05
20.9275369153286,0.0486025489928486,-6.5518354369722e-05
21.0281500099081,0.0487669058408709,-6.55183569513925e-05
21.1287631035704,0.0489305994427731,-6.55183595716351e-05
21.2293761963112,0.0490936297985612,-6.55183621375872e-05
21.3299892881259,0.0492559969082413,-6.55183647480868e-05
21.4306023790103,0.0494177007718197,-6.55183673369643e-05
21.5312154689599,0.0495787413893025,-6.55183699332422e-05
21.6318285579703,0.0497391187606959,-6.55183725311917e-05
21.7324416460371,0.0498988328860061,-6.55183751299269e-05
21.833054733156,0.0500578837652395,-6.55183777194654e-05
21.9336678193225,0.0502162713984023,-6.55183803157759e-05
22.0342809045322,0.0503739957855008,-6.55183828989645e-05
22.1348939887807,0.0505310569265415,-6.55183855177279e-05
22.2355070720637,0.0506874548215307,-6.55183880882345e-05
22.3361201543767,0.0508431894704749,-6.55183907084254e-05
22.4367332357153,0.0509982608733803,-6.55183932870916e-05
22.5373463160752,0.0511526690302537,-6.55183958869694e-05
22.6379593954519,0.0513064139411014,-6.55183984756222e-05
22.738572473841,0.05145949560593,-6.55184010677294e-05
22.8391855512381,0.0516119140247461,-6.5518403687827e-05
22.9397986276389,0.0517636691975562,-6.55184062639549e-05
23.040411703039,0.0519147611243671,-6.55184088550253e-05
23.1410247774338,0.0520651898051852,-6.55184114588743e-05
23.2416378508191,0.0522149552400174,-6.55184140749751e-05
23.3422509231905,0.0523640574288702,-6.55184166291375e-05
23.4428639945435,0.0525124963717506,-6.55184192416801e-05
23.5434770648737,0.0526602720686652,-6.55184218521075e-05
23.6440901341768,0.0528073845196208,-6.55184244344269e-05
23.7447032024483,0.0529538337246242,-6.55184270166521e-05
23.8453162696838,0.0530996196836824,-6.55184296454065e-05
23.945929335879,0.0532447423968021,-6.55184322224836e-05
24.0465424010295,0.0533892018639904,-6.55184348069811e-05
24.1471554651308,0.0535329980852542,-6.55184374207579e-05
24.2477685281785,0.0536761310606003,-6.55184400108934e-05
24.3483815901683,0.0538186007900359,-6.55184426094393e-05
24.4489946510958,0.053960407273568,-6.55184451977648e-05
24.5496077109565,0.0541015505112036,-6.55184477915778e-05
24.650220769746,0.0542420305029498,-6.55184504045894e-05
24.75083382746,0.0543818472488137,-6.55184529947514e-05
24.8514468840941,0.0545210007488025,-6.55184555741442e-05
24.9520599396438,0.0546594910029234,-6.55184581947412e-05
25.0526729941048,0.0547973180111835,-6.55184607711861e-05
25.1532860474726,0.0549344817735901,-6.5518463376454e-05
25.2538990997429,0.0550709822901505,-6.55184659723716e-05
25.3545121509113,0.055206819560872,-6.55184685666313e-05
25.4551252009733,0.0553419935857618,-6.55184711624826e-05
25.5557382499246,0.0554765043648274,-6.55184737524373e-05
25.6563512977607,0.0556103518980761,-6.55184763638034e-05
25.7569643444773,0.0557435361855153,-6.55184789537071e-05
25.85757739007,0.0558760572271525,-6.55184815437393e-05
25.9581904345343,0.0560079150229951,-6.55184841433168e-05
26.0588034778659,0.0561391095730507,-6.55184867511218e-05
26.1594165200604,0.0562696408773267,-6.55184893442482e-05
26.2600295611134,0.0563995089358307,-6.55184919263424e-05
26.3606426010204,0.0565287137485703,-6.55184945270534e-05
26.4612556397771,0.0566572553155532,-6.55184971244959e-05
26.561868677379,0.0567851336367869,-6.55184997327346e-05
26.6624817138218,0.0569123487122791,-6.55185023299657e-05
26.7630947491012,0.0570389005420376,-6.5518504893781e-05
26.8637077832125,0.0571647891260701,-6.55185075324821e-05
26.9643208161516,0.0572900144643843,-6.55185101171897e-05
27.064933847914,0.057414576556988,-6.55185127028315e-05
27.1655468784952,0.057538475403889,-6.55185152964752e-05
27.2661599078909,0.0576617110050953,-6.55185179111668e-05
27.3667729360967,0.0577842833606146,-6.55185204960046e-05
27.4673859631081,0.0579061924704548,-6.55185231012818e-05
27.5679989889209,0.058027438334624,-6.55185256814247e-05
27.6686120135305,0.0581480209531301,-6.55185282975731e-05
27.7692250369326,0.058267940325981,-6.55185308890027e-05
27.8698380591228,0.0583871964531848,-6.55185334800676e-05
27.9704510800967,0.0585057893347496,-6.55185360847365e-05
28.0710640998499,0.0586237189706834,-6.55185386726848e-05
28.1716771183779,0.0587409853609943,-6.55185412859557e-05
28.2722901356765,0.0588575885056905,-6.55185438781668e-05
28.3729031517412,0.0589735284047801,-6.55185464550519e-05
28.4735161665675,0.0590888050582714,-6.55185490762217e-05
28.5741291801511,0.0592034184661725,-6.55185516685304e-05
28.6747421924877,0.0593173686284918,-6.55185542545006e-05
28.7753552035727,0.0594306555452375,-6.5518556862598e-05
28.8759682134018,0.0595432792164179,-6.55185594454243e-05
28.9765812219706,0.0596552396420415,-6.55185620806881e-05
29.0771942292748,0.0597665368221164,-6.55185646363457e-05
29.1778072353098,0.0598771707566512,-6.55185672483376e-05
29.2784202400713,0.0599871414456543,-6.55185698514451e-05
29.3790332435549,0.0600964488891341,-6.55185724593634e-05
29.4796462457563,0.0602050930870991,-6.55185750172358e-05
29.5802592466709,0.060313074039558,-6.55185776496387e-05
29.6808722462944,0.0604203917465191,-6.55185802562275e-05
29.7814852446225,0.060527046207991,-6.55185828136417e-05
29.8820982416506,0.0606330374239825,-6.5518585445985e-05
29.9827112373745,0.0607383653945021,-6.55185880292821e-05
30.0833242317897,0.0608430301195585,-6.55185906263607e-05
30.1839372248917,0.0609470315991603,-6.55185932276881e-05
30.2845502166763,0.0610503698333164,-6.55185958298545e-05
30.385163207139,0.0611530448220354,-6.55185984262809e-05
30.4857761962755,0.0612550565653262,-6.55186010149849e-05
30.5863891840812,0.0613564050631975,-6.55186036173066e-05
30.6870021705518,0.0614570903156582,-6.55186062222998e-05
30.787615155683,0.0615571123227172,-6.55186088191842e-05
30.8882281394703,0.0616564710843833,-6.55186114120556e-05
30.9888411219093,0.0617551666006655,-6.55186140040768e-05
31.0894541029956,0.0618531988715728,-6.55186166311141e-05
31.1900670827249,0.061950567897114,-6.55186191818587e-05
31.2906800610926,0.0620472736772984,-6.55186218227817e-05
31.3912930380945,0.0621433162121348,-6.55186244001976e-05
31.4919060137261,0.0622386955016324,-6.55186270167353e-05
31.5925189879831,0.0623334115458002,-6.5518629580709e-05
31.6931319608609,0.0624274643446475,-6.55186322125528e-05
31.7937449323553,0.0625208538981833,-6.55186347930182e-05
31.8943579024618,0.0626135802064169,-6.55186374099843e-05
31.9949708711761,0.0627056432693574,-6.55186399957351e-05
32.0955838384937,0.0627970430870141,-6.55186425808431e-05
32.1961968044102,0.0628877796593964,-6.55186452016698e-05
32.2968097689212,0.0629778529865134,-6.5518647791723e-05
32.3974227320224,0.0630672630683746,-6.55186503869938e-05
32.4980356937093,0.0631560099049893,-6.55186529970925e-05
32.5986486539776,0.0632440934963669,-6.55186555774768e-05
32.6992616128227,0.0633315138425168,-6.55186581981805e-05
32.7998745702405,0.0634182709434485,-6.55186607704538e-05
32.9004875262263,0.0635043647991715,-6.55186633965298e-05
33.0011004807759,0.0635897954096952,-6.55186659807474e-05
33.1017134338849,0.0636745627750293,-6.55186685855289e-05
33.2023263855488,0.0637586668951832,-6.55186711751837e-05
33.3029393357632,0.0638421077701666,-6.55186737875527e-05
33.4035522845238,0.0639248853999891,-6.55186763715206e-05
33.5041652318261,0.0640069997846604,-6.55186789797316e-05
33.6047781776657,0.0640884509241901,-6.55186815787289e-05
33.7053911220383,0.064169238818588,-6.55186841835583e-05
33.8060040649395,0.0642493634678638,-6.55186867679414e-05
33.9066170063648,0.0643288248720273,-6.5518689380166e-05
34.0072299463099,0.0644076230310883,-6.55186919718935e-05
34.1078428847703,0.0644857579450566,-6.55186945666539e-05
34.2084558217416,0.0645632296139421,-6.55186971849806e-05
34.3090687572195,0.0646400380377546,-6.55186997653582e-05
34.4096816911996,0.0647161832165042,-6.551870237178e-05
34.5102946236774,0.0647916651502007,-6.55187049753778e-05
34.6109075546486,0.0648664838388541,-6.55187075605506e-05
34.7115204841087,0.0649406392824745,-6.55187101880176e-05
34.8121334120534,0.0650141314810717,-6.55187127560659e-05
34.9127463384783,0.0650869604346561,-6.55187153678257e-05
35.0133592633789,0.0651591261432376,-6.55187179761193e-05
35.1139721867509,0.0652306286068263,-6.55187205633287e-05
35.2145851085898,0.0653014678254324,-6.55187231704773e-05
35.3151980288913,0.0653716437990661,-6.55187257685402e-05
35.415810947651,0.0654411565277376,-0.0984397580234066
35.5164165818322,0.0645142191929697,-0.0984457447020626
35.6170050025272,0.0625909538550295,-0.0984518492696325
35.7175662825376,0.0596715815061465,-0.0984580711697594
35.8180904973598,0.0557564220485693,-0.0984644098331113
35.9185677261709,0.0508458942628003,-0.0984708646827201
36.0189880528133,0.0449405157660119,-0.0984774351265538
36.1193415667798,0.0380409029606499,-0.0984841205656492
36.2196183641974,0.0301477709732242,-0.0984909203895445
36.3198085488106,0.0212619335833029,-0.0984978339717443
36.4199022329646,0.0113843031427042,-0.0985048606847359
36.5198895385865,0.000515890484903733,-0.0985119998825924
36.6197605981664,-0.0113421951753367,-0.098519250907238
36.7195055557376,-0.0241887463521143,-0.0985266131015885
36.8191145678545,-0.0380224574082789,-0.0985340857842789
36.9185778045706,-0.0528419246850818,-0.0985416682731202
37.0178854504143,-0.0686456466415536,-0.0985493598688032
37.1170277053637,-0.0854320240036006,-0.0985571598637547
37.2159947858198,-0.103199359922812,-0.098565067548834
37.3147769255775,-0.121945860144945,-0.0985730821847735
37.413364376796,-0.141669633188092,-0.098581203045946
37.5117474109661,-0.162368690530495,-0.098589429373404
37.6099163198768,-0.184040946808002,-0.098597760416447
37.7078614165789,-0.206684220021139,-0.098606195404282
37.805573036347,-0.230296231751769,-0.0986147335631858
37.903041537639,-0.254874607389332,-0.0986233740978772
38.0002573030538,-0.280416876366642,-0.0986321162106615
38.0972107402862,-0.306920472405195,-0.098640959104827
38.193892283079,-0.334382733770007,-0.0986499019457212
38.2902923921735,-0.3628009035339,-0.098658943922489
38.3864015562561,-0.392172129851262,-0.0986680841831448
38.4822102929033,-0.422493466241228,-0.0986773218872062
38.577709149523,-0.45376187188025,-0.0986866561891782
38.6728887042928,-0.485974211904043,-0.0986960861961195
38.7677395670964,-0.519127257718872,-0.0987056110636325
38.862252380455,-0.553217687322128,-0.0987152298810645
38.9564178204573,-0.588242085632201,-0.0987249417712246
39.0502265976848,-0.624196944827583,-0.0987347458206671
39.1436694581345,-0.66107866469518,-0.098744641127454
39.2367371841375,-0.698883552987811,-0.0987546267548339
39.3294205952747,-0.737607825790822,-0.0987647017802042
39.4217105492881,-0.777247607897823,-0.0987748652705051
39.5135979429885,-0.817798933195483,-0.0987851162629989
39.6050737131597,-0.859257745057345,-0.0987954538127898
39.6961288374582,-0.901619896746651,-0.0988058769374958
39.7867543353094,-0.94488115182808,-0.0988163846829204
39.8769412687989,-0.989037184588421,-0.0988269760505861
39.9666807435603,-1.0340835804661,-0.0988376500443269
40.0559639096585,-1.08001583648953,-0.0988484056790411
40.1447819624681,-1.12682936172425,-0.098859241938508
40.2331261435478,-1.17451947772876,-0.0988701577940028
40.3209877415104,-1.22308141901913,-0.0988811522379482
40.4083580928873,-1.27251033354212,-0.098892224220507
40.4952285829892,-1.32280128315705,-0.0989033727105032
40.5815906467612,-1.37394924412608,-0.098914596653574
40.6674357696334,-1.42594910761308,-0.0989258949957961
40.7527554883663,-1.47879568019092,-0.0989372666521044
40.8375413918915,-1.53248368435715,-0.0989487105811881
40.9217851221463,-1.58700775905804,-0.0989602256693499
41.0054783749042,-1.64236246022091,-0.0989718108578776
41.088612900599,-1.69854226129474,-0.0989834650191578
41.1711805051444,-1.75554155379887,-0.0989951870737816
41.2531730507473,-1.81335464787998,-0.0990069758933138
41.3345824567161,-1.87197577287701,-0.0990188303782804
41.4154007002628,-1.93139907789422,-0.0990307493791091
41.4956198173,-1.99161863238212,-0.0990427317892711
41.5752319032313,-2.05262842672638,-0.0990547764352662
41.6542291137367,-2.11442237284454,-0.0990668822117394
41.7326036655509,-2.17699430479056,-0.0990790479316258
41.8103478372367,-2.24033797936709,-0.0990912724503034
41.8874539699514,-2.30444707674535,-0.0991035545907279
41.9639144682075,-2.36931520109269,-0.0991158931926693
42.0397218006267,-2.4349358812077,-0.0991282870799914
42.1148685006877,-2.50130257116275,-0.0991407350373206
42.189347167468,-2.56840865095397,-0.0991532359090908
42.2631504663783,-2.63624742715863,-0.0991657884656924
42.3362711298912,-2.70481213359973,-0.099178391523626
42.4087019582626,-2.7740959320179,-0.0991910438759647
42.4804358202465,-2.84409191275039,-0.0992037442762082
42.5514656538036,-2.91479309541718,-0.0992164915515232
42.6217844668018,-2.98619242961411,-0.0992292844133169
42.6913853377114,-3.05828279561297,-0.0992421216887894
42.7602614162915,-3.13105700506843,-0.099255002099586
42.8284059242708,-3.20450780173187,-0.0992679244282667
42.8958121560203,-3.27862786217188,-0.0992808873987125
42.9624734792195,-3.35340979650142,-0.0992938897853778
43.0283833355146,-3.42884614911165,-0.0993069303020441
43.0935352411701,-3.50492939941224,-0.0993200077230088
43.1579227877121,-3.58165196257811,-0.0993331207475631
43.2215396425651,-3.65900619030263,-0.0993462680912285
43.2843795496809,-3.73698437155702,-0.099359448543621
43.346436330159,-3.81557873335606,-0.0993726607301385
43.4077038828613,-3.89478144152989,-0.0993859034449675
43.4681761850169,-3.97458460150194,-0.0993991753592615
43.5278472928207,-4.05498025907287,-0.0994124751873493
43.5867113420234,-4.1359604012103,-0.0994258016201091
43.644762548514,-4.21751695684457,-0.0994391533751413
43.7019952088939,-4.29964179767011,-0.0994525291462746
43.7584037010432,-4.38232673895257,-0.0994659275942926
43.8139824846794,-4.46556354034157,-0.0994793474451706
43.868726101907,-4.54934390668889,-0.0994927873735529
43.9226291777596,-4.63365948887217,-0.099506246036583
43.9756864207339,-4.71850188462394,-0.0995197221392358
44.0278926233148,-4.80386263936595,-0.0995332143498877
44.0792426624926,-4.8897332470487,-0.0995467213450181
44.1297315002716,-4.976105150996,-0.0995602417707311
44.1793541841707,-5.06296974475467,-0.0995737743276479
44.2281058477147,-5.15031837294912,-0.099587317663545
44.2759817109178,-5.2381423321408,-0.0996008704378181
44.3229770807582,-5.32643287169241,-0.0996144313162445
44.3690873516441,-5.41518119463682,-0.0996279989543341
44.414308005871,-5.50437845855057,-0.0996415720300865
44.4586346140701,-5.59401577643191,-0.0996551491420404
44.5020628356487,-5.68408421758321,-0.0996687290196284
44.5445884192204,-5.77457480849781,-0.099682310243565
44.586207203028,-5.86547853375099,-0.0996958915246614
44.6269151153561,-5.95678633689522,-0.0997094714468108
44.6667081749361,-6.04848912135942,-0.0997230487260932
44.7055824913408,-6.14057775135221,-0.0997366219632337
44.7435342653712,-6.23304305276907,-0.0997501898087941
44.7805597894337,-6.32587581410329,-0.0997637509308096
44.816655447908,-6.41906678736065,-0.0997773039567081
44.8518177175063,-6.51260668897773,-0.0997908475375051
44.8860431676231,-6.60648620074369,-0.0998043802911471
44.9193284606761,-6.70069597072557,-0.0998179009204394
44.951670352437,-6.79522661419692,-0.0998314079965663
44.9830656923544,-6.89006871456963,-0.0998449002343687
45.0135114238659,-6.98521282432898,-0.099858376210666
45.0430045847023,-7.08064946597176,-0.0998718346249274
45.0715423071812,-7.17636913294736,-0.0998852741025246
45.0991218184919,-7.2723622906017,-0.0998986932605995
45.1257404409711,-7.36861937712401,-0.0999120907962405
45.1513955923682,-7.46513080449631,-0.0999254653228819
45.1760847861021,-7.56188695944541,-0.0999388155174154
45.1998056315078,-7.65887820439754,-0.099952139970565
45.2225558340744,-7.75609487843529,-0.0999654374244395
45.244333195672,-7.85352729825689,-0.0999787064423509
45.2651356147709,-7.95116575913778,-0.099991945742818
45.2849610866496,-8.04900053589421,-0.100005153951932
45.3038077035942,-8.14702188384895,-0.100018329728227
45.3216736550878,-8.24522003979888,-0.100031471749867
45.3385572279901,-8.34358522298443,-0.100044578653917
45.3544568067078,-8.44210763606084,-0.100057649144744
45.3693708733546,-8.54077746607093,-0.10007068183144
45.3832980079025,-8.63958488541952,-0.100083675440248
45.3962368883223,-8.73852005284931,-0.100096628613859
45.4081862907151,-8.83757311441801,-0.100109540058367
45.4191450894336,-8.93673420447688,-0.100122408396122
45.4291122571944,-9.03599344665029,-0.100135232372219
45.4380868651794,-9.13534095481648,-0.100148010645889
45.4460680831283,-9.23476683408915,-0.100160741890478
45.4530551794212,-9.33426118180002,-0.10017342482231
45.459047521151,-9.43381408848213,-0.10018605814696
45.4640445741862,-9.53341563885381,-0.100198640525391
45.4680459032243,-9.63305591280326,-0.100211170719406
45.4710511718345,-9.73272498637355,-0.100223647376993
45.4730601424917,-9.83241293274802,-0.100236069259164
45.4740726765996,-9.93210982323605,-0.100248435085119
45.4740887345045,-10.0318057282589,-0.100260743519388
45.4731083754998,-10.1314907183355,-0.100272993371595
45.4711317578193,-10.231154865069,-0.100285183315411
45.4681591386221,-10.3307882421319,-0.100297312134233
45.4641908739666,-10.430380926252,-0.100309378518468
45.4592274187757,-10.5299229981979,-0.100321381256145
45.4532693267912,-10.6294045437639,-0.100333319120583
45.4463172505187,-10.7288156547541,-0.100345190805749
45.4383719411634,-10.8281464299669,-0.100356995137642
45.429434248555,-10.9273869761772,-0.100368730877954
45.4195051210633,-11.02652740912,-0.100380396775407
45.4085856055045,-11.1255578544706,-0.100391991663939
45.3966768470366,-11.2244684488261,-0.100403514266486
45.3837800890465,-11.3232493406842,-0.100414963478421
45.3698966730255,-11.4218906914217,-0.100426338006462
45.3550280384371,-11.5203826762713,-0.100437636707489
45.3391757225736,-11.6187154852973,-0.100448858430033
45.3223413604032,-11.7168793243695,-0.100460001931164
45.3045266844083,-11.8148644161359,-0.100471066121449
45.2857335244127,-11.9126610009936,-0.100482049758372
45.2659638074008,-12.0102593380575,-0.100492951768574
45.2452195573254,-12.1076497061281,-0.100503770962508
45.2235028949072,-12.2048224046565,-0.100514506222576
45.2008160374241,-12.3017677547075,-0.0670069438038922
45.1774837473846,-12.398556193931,-0.0670116505678041
45.1535070812732,-12.4951834386425,-0.0670163316218413
45.1288871240048,-12.5916452122691,-0.0670209867942835
45.1036249888762,-12.6879372455389,-0.0670256158067509
45.0777218175177,-12.7840552766689,-0.067030218485953
45.0511787798423,-12.879995051553,-0.0670347946152528
45.023997073994,-12.9757523239501,-0.0670393439354128
44.9961779262955,-13.071322855671,-0.0670438663121765
44.9677225911932,-13.1667024167657,-0.0670483614617542
44.9386323512027,-13.2618867857097,-0.0670528291990374
44.9089085168518,-13.3568717495907,-0.0670572693231759
44.8785524266227,-13.4516531042942,-0.0670616816245483
44.847565446893,-13.5462266546887,-0.0670660658685886
44.8159489718755,-13.6405882148116,-0.0670704218966883
44.7837044235564,-13.7347336080531,-0.0670747494547296
44.750833251633,-13.8286586673408,-0.0670790483868081
44.7173369334492,-13.9223592353236,-0.0670833184279239
44.683216973931,-14.0158311645551,-0.0670875594556651
44.6484749055194,-14.1090703176763,-0.0670917712102852
44.6131122881032,-14.2020725675986,-0.0670959535068938
44.5771307089502,-14.2948337976856,-0.0671001061766632
44.5405317826368,-14.3873499019348,-0.0671042289823468
44.5033171509772,-14.4796167851588,-0.0671083217543285
44.4654884829508,-14.5716303631658,-0.0671123842901148
44.4270474746285,-14.6633865629401,-0.0671164164179525
44.3879958490978,-14.7548813228215,-0.0671204179084011
44.3483353563871,-14.8461105926847,-0.0671243886254479
44.308067773388,-14.9370703341179,-0.067128328318902
44.2671949037774,-15.0277565206012,-0.067132236854168
44.2257185779377,-15.1181651376837,-0.0671361140243366
44.1836406528759,-15.2082921831613,-0.0671399596446722
44.140963012142,-15.2981336672527,-0.0671437735557994
44.0976875657454,-15.3876856127759,-0.0671475555383846
44.0538162500712,-15.4769440553234,-0.0671513054366904
44.0093510277945,-15.5659050434371,-0.0671550230775586
43.9642938877937,-15.6545646387828,-0.0671587082767747
43.9186468450629,-15.7429189163238,-0.0671623608643129
43.8724119406229,-15.8309639644942,-0.0671659806494492
43.8255912414313,-15.9186958853715,-0.0671695674867565
43.7781868402912,-16.0061107948483,-0.0671731211887461
43.7302008557588,-16.0932048228041,-0.0671766415900005
43.6816354320501,-16.1799741132757,-0.067180128534032
43.632492738946,-16.2664148246276,-0.0671835818341222
43.5827749716971,-16.352523129721,-0.0671870013413958
43.5324843509262,-16.4382952160835,-0.0671903869006121
43.4816231225308,-16.5237272860763,-0.0671937383232391
43.4301935575838,-16.6088155570627,-0.0671970554829285
43.3781979522333,-16.6935562615743,-0.0672003381914174
43.3256386276015,-16.7779456474775,-0.0672035863079208
43.272517929682,-16.8619799781392,-0.0672067996863453
43.2188382292365,-16.9456555325912,-0.0672099781556549
43.16460192169,-17.028968605695,-0.0672131215843057
43.1098114270253,-17.1119155083046,-0.0672162297983037
43.0544691896762,-17.1944925674298,-0.0672193026648855
42.9985776784196,-17.276696126398,-0.0672223400260015
42.9421393862667,-17.3585225450156,-0.0672253417731025
42.8851568303527,-17.4399681997284,-0.0672283076960046
42.8276325518261,-17.5210294837821,-0.0672312377322767
42.7695691157363,-17.6017028073805,-0.0672341316726867
42.7109691109207,-17.6819845978447,-0.0672369894297864
42.6518351498902,-17.7618712997702,-0.0672398108093632
42.5921698687143,-17.8413593751843,-0.0672425957697436
42.5319759269042,-17.9204453037014,-0.0672453440673457
42.4712560072962,-17.9991255826792,-0.0672480556572543
42.4100128159327,-18.0773967273726,-0.0672507303620896
42.3482490819432,-18.1552552710878,-0.0672533680771126
42.2859675574238,-18.2326977653349,-0.0672559686536636
42.2231710173156,-18.3097207799807,-0.0672585320070695
42.1598622592824,-18.3863209033992,-0.0672610579681737
42.0960441035874,-18.4624947426227,-0.0672635464302997
42.0317193929687,-18.5382389234914,-0.0672659973168419
41.9668909925134,-18.6135500908021,-0.0672684104337624
41.9015617895322,-18.6884249084563,-0.0672707857211118
41.8357346934309,-18.7628600596078,-0.0672731230598769
41.7694126355829,-18.8368522468081,-0.0672754223234645
41.7025985691993,-18.9103981921528,-0.0672776833985975
41.6352954691989,-18.9834946374259,-0.0672799061827164
41.567506332077,-19.0561383442434,-0.0672820905861285
41.4992341757728,-19.1283260941964,-0.0672842364731397
41.4304820395368,-19.2000546889929,-0.0672863437681803
41.3612529837961,-19.2713209505992,-0.067288412359259
41.29155009002,-19.3421217213796,-0.0672904421315856
41.2213764605835,-19.4124538642365,-0.0672924330167665
41.1507352186307,-19.4823142627481,-0.0672943849075901
41.0796295079371,-19.551699821306,-0.0672962976913247
41.0080624927706,-19.6206074652523,-0.0672981712960156
40.9360373577522,-19.6890341410147,-0.0673000056466806
40.8635573077151,-19.7569768162414,-0.0673018006175688
40.7906255675637,-19.824432479935,-0.0673035561430427
40.7172453821313,-19.8913981425851,-0.0673052721534946
40.6434200160364,-19.9578708363005,-0.0673069485188598
40.5691527535395,-20.02384761494,-0.0673085852122039
40.4944468983975,-20.0893255542423,-0.0673101821470046
40.4193057737181,-20.154301751955,-0.0673117391826004
40.3437327218136,-20.2187733279631,-0.0673132563459924
40.2677311040528,-20.2827374244153,-0.0673147334754633
40.1913043007132,-20.3461912058508,-0.0673161705497089
40.1144557108316,-20.409131859324,-0.0673175674847075
40.0371887520541,-20.4715565945288,-0.0673189242060755
39.9595068604857,-20.5334626439215,-0.0673202406841507
39.8814134905379,-20.5948472628431,-0.0673215167836117
39.8029121147774,-20.6557077296404,-0.0673227525204809
39.7240062237719,-20.7160413457859,-0.0673239477849053
39.6446993259366,-20.7758454359971,-0.0673251025573999
39.5649949473792,-20.8351173483542,-0.0673262167354381
39.4848966317446,-20.8938544544175,-0.0673272903136262
39.4044079400581,-20.9520541493431,-0.067328323189079
39.3235324505689,-21.009713851998,-0.0673293153702212
39.2422737585915,-21.0668310050738,-0.0673302667640092
39.1606354763479,-21.1234030751995,-0.0673311773578582
39.0786212328073,-21.1794275530535,-0.0673320470609004
38.9962346735267,-21.2349019534744,-0.0673328758793529
38.91347946049,-21.2898238155701,-0.0673336637549391
38.830359271946,-21.3441907028269,-0.0673344106406682
38.7468778022464,-21.3980002032169,-0.0673351165227369
38.6630387616829,-21.4512499293041,-0.0673357813388708
38.5788458763233,-21.5039375183502,-0.0673364050806638
38.4943028878472,-21.5560606324185,-0.0673369877031505
38.4094135533808,-21.6076169584773,-0.0673375291866172
38.3241816453314,-21.6586042085017,-0.0673380295122783
38.2386109512207,-21.7090201195746,-0.0673384886208229
38.1527052735178,-21.7588624539869,-0.0673389065380444
38.0664684294714,-21.8081289993357,-0.0673392832117955
37.9799042509413,-21.8568175686223,-0.0673396186433501
37.8930165842297,-21.9049260003483,-0.0673399127913598
37.805809289911,-21.9524521586115,-0.0673401656656021
37.7182862426618,-21.9993939331997,-0.067340377242825
37.6304513310898,-22.045749239684,-0.0673405475170502
37.5423084575623,-22.0915160195107,-0.067340676467334
37.4538615380341,-22.1366922400922,-0.0673407641197197
37.3651145018744,-22.1812758948965,-0.0673408104307147
37.276071291694,-22.2252650035359,-0.0673408154168521
37.1867358631708,-22.2686576118544,-0.0673407790781492
37.0971121848756,-22.3114517920138,-0.0673407014305359
37.0072042380967,-22.3536456425787,-0.0673405824253229
36.9170160166647,-22.3952372886008,-0.0673404221525333
36.826551526776,-22.4362248817008,-0.0673402205317959
36.7358147868159,-22.476606600151,-0.0673399776408744
36.6448098271816,-22.5163806489548,-0.0673396934425848
36.5535406901044,-22.5555452599264,-0.0673393679909637
36.4620114294709,-22.5940986917686,-0.0673390012799626
36.3702261106447,-22.6320392301496,-0.0673385933045294
36.2781888102868,-22.669365187779,-0.0673381441534087
36.1859036161757,-22.7060749044815,-0.0673376537662006
36.0933746270269,-22.7421667472711,-0.067337122222179
36.0006059523124,-22.7776391104224,-0.0673365495343914
35.9076017120794,-22.8124904155416,-0.0673359357235047
35.814366036768,-22.8467191116364,-0.0673352808157498
35.7209030670294,-22.8803236751843,-0.0673345848472624
35.6272169535434,-22.9133026101997,-0.0673338478636186
35.5333118568347,-22.9456544483,-0.0673330698811837
35.4391919470898,-22.9773777487704,-0.0673322509493039
35.3448614039726,-23.0084710986275,-6.72319527291602e-05
35.2505306526268,-23.0395638187727,-6.72319529506482e-05
35.1561996930566,-23.0706559092046,-6.72319566739684e-05
35.0618685252661,-23.1017473699218,-6.72319565597568e-05
34.9675371492595,-23.1328382009229,-6.72319475561247e-05
34.873205565041,-23.1639284022066,-6.72319507206083e-05
34.7788737726147,-23.1950179737715,-6.72319479098409e-05
34.6845417719849,-23.2261069156162,-6.72319509716275e-05
34.5902095631557,-23.2571952277393,-6.72319515484993e-05
34.4958771461313,-23.2882829101394,-6.72319424498701e-05
34.4015445209159,-23.3193699628152,-6.72319451714695e-05
34.3072116875136,-23.3504563857653,-6.72319552243849e-05
34.2128786459286,-23.3815421789882,-6.72319334023555e-05
34.1185453961652,-23.4126273424827,-6.7231949657061e-05
34.0242119382274,-23.4437118762473,-6.72319493500052e-05
33.9298782721194,-23.4747957802806,-6.72319375643657e-05
33.8355443978455,-23.5058790545813,-6.72319307243837e-05
33.7412103154098,-23.5369616991481,-6.72319508322065e-05
33.6468760248165,-23.5680437139794,-6.72319441151392e-05
33.5525415260697,-23.5991250990739,-6.72319317662238e-05
33.4582068191737,-23.6302058544303,-6.72319352069525e-05
33.3638719041326,-23.6612859800472,-6.72319483291764e-05
33.2695367809505,-23.6923654759231,-6.72319330668932e-05
33.1752014496318,-23.7234443420567,-6.72319323326847e-05
33.0808659101804,-23.7545225784467,-6.7231936573319e-05
32.9865301626007,-23.7856001850916,-6.72319303268358e-05
32.8921942068968,-23.8166771619901,-6.72319301714253e-05
32.7978580430729,-23.8477535091408,-6.72319341923899e-05
32.7035216711331,-23.8788292265423,-6.72319315635637e-05
32.6091850910817,-23.9099043141932,-6.72319370432566e-05
32.5148483029227,-23.9409787720921,-6.72319258691807e-05
32.4205113066604,-23.9720526002377,-6.72319254957278e-05
32.326174102299,-24.0031257986286,-6.72319287383019e-05
32.2318366898426,-24.0341983672634,-6.72319296216649e-05
32.1374990692954,-24.0652703061407,-6.72319203621353e-05
32.0431612406616,-24.0963416152592,-6.7231929581576e-05
31.9488232039454,-24.1274122946174,-6.72319240513846e-05
31.8544849591509,-24.158482344214,-6.72319242661356e-05
31.7601465062823,-24.1895517640476,-6.72319247092682e-05
31.6658078453438,-24.2206205541168,-6.72319150103991e-05
31.5714689763396,-24.2516887144203,-6.72319251546198e-05
31.4771298992739,-24.2827562449566,-6.7231919637429e-05
31.3827906141508,-24.3138231457244,-6.72319222250811e-05
31.2884511209744,-24.3448894167223,-6.72319167166062e-05
31.1941114197491,-24.3759550579489,-6.72319136831703e-05
31.0997715104789,-24.4070200694029,-6.72319140337045e-05
31.005431393168,-24.4380844510829,-6.72319208119415e-05
30.9110910678207,-24.4691482029874,-6.72319182403877e-05
30.816750534441,-24.5002113251151,-6.72319050725923e-05
30.7224097930332,-24.5312738174647,-6.72319189633023e-05
30.6280688436014,-24.5623356800347,-6.72319158339174e-05
30.5337276861499,-24.5933969128237,-6.7231903128068e-05
30.4393863206827,-24.6244575158305,-6.72319165742575e-05
30.3450447472042,-24.6555174890535,-6.72319073702323e-05
30.2507029657183,-24.6865768324915,-6.72319107893096e-05
30.1563609762294,-24.717635546143,-6.72319050871717e-05
30.0620187787416,-24.7486936300067,-6.72319145947789e-05
29.9676763732591,-24.7797510840811,-6.7231898977069e-05
29.873333759786,-24.810807908365,-6.7231906133367e-05
29.7789909383266,-24.8418641028569,-6.72318997590793e-05
29.684647908885,-24.8729196675555,-6.72319100746191e-05
29.5903046714654,-24.9039746024593,-6.72319040471367e-05
29.4959612260719,-24.935028907567,-6.7231900728395e-05
29.4016175727088,-24.9660825828772,-6.72318949327716e-05
29.3072737113802,-24.9971356283886,-6.72319054897047e-05
29.2129296420903,-25.0281880440997,-6.72319052151225e-05
29.1185853648433,-25.0592398300091,-6.72318899660038e-05
29.0242408796433,-25.0902909861156,-6.7231899960555e-05
28.9298961864945,-25.1213415124177,-6.72318971142397e-05
28.8355512854012,-25.152391408914,-6.7231893919903e-05
28.7412061763674,-25.1834406756032,-6.72319014543246e-05
28.6468608593974,-25.2144893124838,-6.7231885193129e-05
28.5525153344953,-25.2455373195546,-6.72319019709675e-05
28.4581696016654,-25.276584696814,-6.72318898932138e-05
28.3638236609117,-25.3076314442608,-6.72318863806801e-05
28.2694775122385,-25.3386775618936,-6.72318970822378e-05
28.17513115565,-25.3697230497109,-6.72318904139223e-05
28.0807845911503,-25.4007679077114,-6.72318852289709e-05
27.9864378187435,-25.4318121358938,-6.72318883855356e-05
27.892090838434,-25.4628557342566,-6.72318856730941e-05
27.7977436502258,-25.4938987027985,-0.0787419989436045
27.7031558385377,-25.5242030782965,-0.0787407531310945
27.6083331479824,-25.5537670138839,-0.0787394420631996
27.5132813373454,-25.5825887073734,-0.0787380657633217
27.4180061792379,-25.6106664013664,-0.0787366243882808
27.3225134597483,-25.6379983833584,-0.0787351180258572
27.2268089780931,-25.6645829858424,-0.078733546711487
27.1308985462669,-25.6904185864102,-0.0787319106254794
27.0347879886917,-25.7155036078495,-0.0787302098256754
26.9384831418654,-25.7398365182396,-0.0787284444650139
26.8419898540101,-25.7634158310433,-0.0787266146157143
26.7453139847182,-25.7862401051973,-0.0787247204290834
26.6484614045998,-25.8083079451986,-0.078722762009199
26.5514379949281,-25.829618001189,-0.0787207395065574
26.4542496472843,-25.8501689690364,-0.0787186530464608
26.3569022632023,-25.8699595904135,-0.0787165027616159
26.2594017538126,-25.8889886528738,-0.0787142887755398
26.1617540394857,-25.9072549899249,-0.0787120112904141
26.0639650494746,-25.9247574810984,-0.0787096703825848
25.9660407215571,-25.9414950520182,-0.07870726626942
25.8679870016776,-25.9574666744647,-0.0787047990711209
25.7698098435884,-25.9726713664372,-0.0787022689511727
25.6715152084901,-25.9871081922132,-0.0786996761168365
25.5731090646722,-26.0007762624044,-0.0786970206675114
25.4745973871529,-26.0136747340111,-0.0786943028469001
25.3759861573183,-26.0258028104724,-0.078691522795179
25.2772813625618,-26.0371597417146,-0.078688680702956
25.1784889959228,-26.0477448241964,-0.0786857767630442
25.0796150557249,-26.0575574009513,-0.0786828111417786
24.9806655452138,-26.0665968616275,-0.0786797840814896
24.8816464721956,-26.0748626425242,-0.0786766957284687
24.7825638486736,-26.0823542266262,-0.0786735463307435
24.6834236904861,-26.0890711436346,-0.0786703360541657
24.5842320169431,-26.0950129699956,-0.0786670651253896
24.484994850463,-26.1001793289259,-0.0786637337913842
24.3857182162095,-26.1045698904351,-0.0786603421920663
24.2864081417279,-26.1081843713464,-0.0786568906494939
24.1870706565811,-26.1110225353127,-0.0786533793036162
24.0877117919862,-26.1130841928317,-0.0786498084296781
23.9883375804504,-26.1143692012569,-0.0786461782613644
23.8889540554069,-26.1148774648062,-0.0786424890038951
23.7895672508508,-26.114608934568,-0.078638740924779
23.6901832009753,-26.1135636085039,-0.0786349342797064
23.5908079398072,-26.1117415314487,-0.0786310692989292
23.491447500843,-26.1091427951079,-0.0786271462200489
23.392107916685,-26.1057675380523,-0.0786231653341129
23.2927952186768,-26.1016159457093,-0.078619126881976
23.1935154365398,-26.0966882503519,-0.0786150311245886
23.0942745980091,-26.0909847310847,-0.0786108783474727
22.99507872847,-26.0845057138269,-0.0786066687921477
22.8959338505941,-26.0772515712929,-0.0786024027567465
22.7968459839762,-26.0692227229696,-0.0785980805062614
22.697821144771,-26.0604196350912,-0.0785937023494898
22.5988653453298,-26.0508428206108,-0.0785892685161757
22.499984593838,-26.04049283917,-0.0785847793702979
22.4011848939526,-26.0293702970644,-0.0785802351306538
22.3024722444395,-26.0174758472077,-0.0785756361274875
22.203852638812,-26.004810189092,-0.0785709826785591
22.1053320649689,-25.9913740687454,-0.0785662750551646
22.0069165048334,-25.9771682786873,-0.0785615135669529
21.9086119339917,-25.9621936578805,-0.0785566985464269
21.8104243213329,-25.9464510916804,-0.0785518302700156
21.7123596286885,-25.9299415117819,-0.0785469090817981
21.6144238104727,-25.9126658961629,-0.0785419353140496
21.5166228133234,-25.8946252690252,-0.0785369092240298
21.4189625757429,-25.8758207007333,-0.0785318312331497
21.32144902774,-25.8562533077489,-0.0785267015892557
21.2240880904718,-25.8359242525643,-0.0785215206547068
21.1268856758867,-25.814834743632,-0.0785162887878455
21.0298476863674,-25.7929860352915,-0.0785110062733334
20.932980014375,-25.7703794276942,-0.0785056735055867
20.8362885420933,-25.7470162667244,-0.0785002908046863
20.7397791410737,-25.7228979439183,-0.0784948585299521
20.6434576718813,-25.69802589638,-0.0784893770123396
20.5473299837409,-25.6724016066949,-0.0784838466224395
20.4514019141841,-25.6460266028401,-0.0784782677234824
20.3556792886974,-25.6189024580922,-0.0784726406433191
20.2601679203702,-25.5910307909326,-0.0784669657785573
20.1648736095442,-25.5624132649495,-0.0784612435062268
20.0698021434636,-25.5330515887375,-0.0784554741316622
19.9749592959255,-25.502947515795,-0.0784496580887216
19.8803508269319,-25.4721028444179,-0.0784437957393098
19.7859824823418,-25.4405194175911,-0.0784378874346414
19.6918599935249,-25.4081991228777,-0.0784319335720145
19.5979890770151,-25.3751438923047,-0.0784259345597468
19.5043754341663,-25.3413557022464,-0.0784198907092205
19.4110247508077,-25.3068365733057,-0.0784138025056853
19.3179426969012,-25.2715885701913,-0.0784076702765584
19.2251349261992,-25.2356138015938,-0.078401494396846
19.1326070759029,-25.1989144200584,-0.0783952753451798
19.040364766323,-25.1614926218545,-0.0783890134354333
18.9484136005399,-25.1233506468438,-0.0783827091177753
18.8567591640658,-25.0844907783447,-0.0783763627894939
18.7654070245079,-25.0449153429947,-0.0783699748241213
18.6743627312319,-25.0046267106101,-0.078363545684071
18.5836318150277,-24.9636272940427,-0.0783570757198756
18.4932197877754,-24.9219195490347,-0.0783505653973385
18.4031321421125,-24.8795059740699,-0.078344015117114
18.313374351103,-24.8363891102233,-0.0783374252787545
18.2239518679067,-24.7925715410078,-0.0783307963075035
18.1348701254501,-24.7480558922182,-0.0783241286385583
18.0461345360991,-24.7028448317729,-0.0783174227096118
17.9577504913317,-24.6569410695524,-0.0783106789166217
17.8697233614134,-24.6103473572365,-0.078303897682595
17.7820584950723,-24.5630664881379,-0.0782970794867004
17.6947612191773,-24.5151012970336,-0.0782902247203283
17.6078368384157,-24.4664546599938,-0.0782833338406203
17.521290634974,-24.4171294942086,-0.078276407263027
17.4351278682186,-24.3671287578119,-0.0782694454358759
17.3493537743784,-24.3164554497028,-0.078262448847473
17.2639735662294,-24.2651126093644,-0.0782554178348777
17.1789924327794,-24.2131033166812,-0.0782483529700323
17.0944155389556,-24.1604306917522,-0.0782412545925822
17.0102480252923,-24.1070978947035,-0.0782341232243958
16.9264950076211,-24.053108125497,-0.078226959271474
16.8431615767623,-23.9984646237379,-0.078219763224319
16.7602527982173,-23.9431706684785,-0.0782125354883936
16.6777737118632,-23.8872295780211,-0.0782052765674289
16.5957293316487,-23.8306447097172,-0.0781979869122752
16.5141246452914,-23.7734194597649,-0.0781906669388897
16.432964613977,-23.7155572630046,-0.0781833171752747
16.35225417206,-23.657061592711,-0.0781759380167912
16.2719982267654,-23.5979359603839,-0.0781685299873738
16.1922016578934,-23.5381839155362,-0.0781610935075907
16.1128693175243,-23.4778090454798,-0.0781536290763231
16.0340060297261,-23.416814975109,-0.0781461371355717
15.9556165902631,-23.3552053666819,-0.0781386181658171
15.8777057663068,-23.2929839195995,-0.0781310726660395
15.8002782961481,-23.230154370182,-0.0781235010672282
15.7233388889114,-23.1667204914439,-0.0781159038607131
15.6468922242703,-23.102686092866,-0.078108281525216
15.5709429521656,-23.0380550201658,-6.66870327351479e-05
15.494994106721,-22.9734234396689,-6.66870160590815e-05
15.4190456879399,-22.9087913513783,-6.66870166841998e-05
15.3430976958256,-22.8441587552967,-6.66870148622972e-05
15.2671501303815,-22.7795256514269,-6.66869998720759e-05
15.1912029916109,-22.7148920397718,-6.66870037905895e-05
15.1152562795174,-22.6502579203343,-6.66869910776823e-05
15.0393099941041,-22.5856232931171,-6.66869882447654e-05
14.9633641353745,-22.5209881581231,-6.66869808854663e-05
14.8874187033319,-22.4563525153551,-6.66869862222047e-05
14.8114736979798,-22.3917163648159,-6.66869642236662e-05
14.7355291193214,-22.3270797065084,-6.66869694501682e-05
14.6595849673602,-22.2624425404354,-6.66869545998543e-05
14.5836412420995,-22.1978048665998,-6.66869605381621e-05
14.5076979435427,-22.1331666850043,-6.66869457348963e-05
14.4317550716931,-22.0685279956518,-6.66869440614038e-05
14.3558126265541,-22.0038887985451,-6.66869495344213e-05
14.2798706081292,-21.939249093687,-6.66869202127354e-05
14.2039290164216,-21.8746088810805,-6.66869343641927e-05
14.1279878514347,-21.8099681607282,-6.66869100865301e-05
14.0520471131719,-21.7453269326332,-6.66869257665785e-05
13.9761068016365,-21.680685196798,-6.66869073567327e-05
13.900166916832,-21.6160429532257,-6.66869081563391e-05
13.8242274587617,-21.551400201919,-6.66868928351913e-05
13.7482884274289,-21.4867569428808,-6.66868988046007e-05
13.672349822837,-21.4221131761138,-6.6686882628157e-05
13.5964116449894,-21.357468901621,-6.66868881325693e-05
13.5204738938896,-21.2928241194052,-6.66868749311476e-05
13.4445365695407,-21.2281788294691,-6.66868728637228e-05
13.3685996719462,-21.1635330318156,-6.66868640033564e-05
13.2926632011095,-21.0988867264476,-6.66868560472054e-05
13.2167271570339,-21.0342399133679,-6.66868556239221e-05
13.1407915397228,-20.9695925925793,-6.66868538853731e-05
13.0648563491796,-20.9049447640846,-6.66868389803021e-05
12.9889215854076,-20.8402964278867,-6.66868453675087e-05
12.9129872484102,-20.7756475839883,-6.66868289495171e-05
12.8370533381908,-20.7109982323924,-6.66868210089833e-05
12.7611198547527,-20.6463483731018,-6.66868348207139e-05
12.6851867980994,-20.5816980061192,-6.6686798297804e-05
12.609254168234,-20.5170471314476,-6.66868248124848e-05
12.5333219651602,-20.4523957490897,-6.66867961846159e-05
12.4573901888811,-20.3877438590484,-6.66867938424641e-05
12.3814588394002,-20.3230914613266,-6.66868020834391e-05
12.3055279167208,-20.2584385559269,-6.66867842853293e-05
12.2295974208464,-20.1937851428524,-6.66867853484278e-05
12.1536673517802,-20.1291312221057,-6.66867689615815e-05
12.0777377095256,-20.0644767936898,-6.66867821364705e-05
12.0018084940861,-19.9998218576074,-6.66867530589797e-05
11.9258797054649,-19.9351664138615,-6.66867731965175e-05
11.8499513436655,-19.8705104624547,-6.66867366244566e-05
11.7740234086911,-19.8058540033901,-6.66867635253982e-05
11.6980959005453,-19.7411970366703,-6.6686742306035e-05
11.6221688192313,-19.6765395622982,-6.6686733009569e-05
11.5462421647525,-19.6118815802767,-6.66867324196687e-05
11.4703159371123,-19.5472230906086,-6.66867247619713e-05
11.394390136314,-19.4825640932967,-6.66867234775412e-05
11.318464762361,-19.4179045883438,-6.66867148543665e-05
11.2425398152567,-19.3532445757528,-6.66867140037871e-05
11.1666152950045,-19.2885840555265,-6.66866919884851e-05
11.0906912016076,-19.2239230276678,-6.66867056316622e-05
11.0147675350695,-19.1592614921794,-6.66866963577823e-05
10.9388442953936,-19.0945994490642,-6.6686681536125e-05
10.8629214825832,-19.0299368983251,-6.66866880031726e-05
10.7869990966417,-18.9652738399648,-6.66866729557171e-05
10.7110771375724,-18.9006102739862,-6.6686671657103e-05
10.6351556053787,-18.8359462003921,-6.66866633310765e-05
10.559234500064,-18.7712816191854,-6.66866556329103e-05
10.4833138216316,-18.7066165303689,-6.66866612585799e-05
10.407393570085,-18.6419509339454,-6.66866391539018e-05
10.3314737454274,-18.5772848299178,-6.66866528265884e-05
10.2555543476623,-18.5126182182888,-6.66866373714866e-05
10.179635376793,-18.4479510990613,-6.66866221489719e-05
10.1037168328228,-18.3832834722382,-6.6686627945931e-05
10.0277987157552,-18.3186153378223,-6.66866230477993e-05
9.95188102559354,-18.2539466958164,-6.6686615910828e-05
9.87596376234113,-18.1892775462233,-6.66866064931483e-05
9.80004692600136,-18.1246078890459,-6.66866118474273e-05
9.7241305165776,-18.0599377242869,-6.66865858912939e-05
9.64821453407323,-17.9952670519494,-6.66866044697133e-05
9.57229897849159,-17.9305958720359,-6.66865798759101e-05
9.49638384983607,-17.8659241845495,-6.66865821834391e-05
9.42046914811001,-17.8012519894929,-6.66865740616622e-05
9.34455487331681,-17.736579286869,-6.66865688781996e-05
9.26864102545981,-17.6719060766806,-6.66865736323662e-05
9.19272760454238,-17.6072323589304,-6.66865491294741e-05
9.11681461056791,-17.5425581336215,-6.6686558954041e-05
9.04090204353973,-17.4778834007565,-6.66865498001569e-05
8.96498990346123,-17.4132081603383,-6.66865390670225e-05
8.88907819033578,-17.3485324123698,-6.66865340565715e-05
8.81316690416672,-17.2838561568538,-6.66865332996066e-05
8.73725604495745,-17.2191793937931,-6.66865279881994e-05
8.6613456127113,-17.1545021231905,-6.66865191963026e-05
8.58543560743167,-17.0898243450489,-6.66865156286629e-05
8.50952602912192,-17.0251460593711,-6.66865031743772e-05
8.43361687778539,-16.96046726616,0.115884894091956
8.35697089605569,-16.8966746364686,0.115901649517121
8.27959834553312,-16.8337766031116,0.115918321836226
8.20150958432127,-16.7717814800826,0.115934908826687
8.12271506565111,-16.7106974614507,0.115951408118107
8.04322533649268,-16.6505326202712,0.115967817500101
7.96305103615424,-16.5912949075142,0.115984134640778
7.88220289486906,-16.5329921510077,0.116000357354852
7.80069173237036,-16.4756320543989,0.116016483328968
7.71852845645411,-16.4192221961301,0.116032510353772
7.63572406153031,-16.3637700284325,0.116048436214307
7.5522896271627,-16.3092828763365,0.116064258693795
7.46823631659714,-16.2557679366987,0.116079975569479
7.38357537527898,-16.2032322772458,0.116095584681056
7.29831812935932,-16.1516828356361,0.116111083855171
7.21247598419074,-16.1011264185381,0.116126470912394
7.12606042281244,-16.0515697007262,0.116141743702309
7.039083004425,-16.0030192241941,0.116156900133022
6.95155536285517,-15.9554813972864,0.116171938043934
6.86348920501057,-15.9089624938469,0.116186855337391
6.77489630932479,-15.8634686523854,0.116201649940868
6.68578852419307,-15.8190058752626,0.116216319773526
6.59617776639843,-15.7755800278927,0.116230862785597
6.50607601952903,-15.7331968379645,0.11624527690831
6.41549533238638,-15.6918618946803,0.116259560147839
6.32444781738508,-15.6515806480139,0.116273710501485
6.23294564894408,-15.6123584079868,0.116287725934235
6.14100106186954,-15.5742003439624,0.116301604523301
6.04862634972995,-15.53711148396,0.116315344272081
5.95583386322317,-15.5010967139865,0.116328943275822
5.86263600853605,-15.4661607773878,0.116342399586167
5.76904524569668,-15.4323082742185,0.116355711323166
5.67507408691936,-15.3995436606311,0.116368876608952
5.58073509494278,-15.3678712482842,0.116381893551707
5.48604088136141,-15.3372952037695,0.11639476035777
5.3910041049504,-15.3078195480589,0.116407475131807
5.29563746998432,-15.2794481559697,0.116420036148053
5.19995372454963,-15.2521847556507,0.116432441578007
5.10396565885165,-15.2260329280866,0.116444689679388
5.00768610351557,-15.2009961066225,0.116456778699368
4.91112792788242,-15.1770775765078,0.116468706934675
4.81430403829974,-15.15428047446,0.116480472663726
4.71722737640726,-15.1326077882478,0.116492074261664
4.6199109174181,-15.1120623562948,0.116503509988379
4.52236766839533,-15.0926468673016,0.116514778324699
4.42461066652436,-15.0743638598898,0.116525877570505
4.32665297738141,-15.0572157222639,0.11653680619477
4.22850769319801,-15.0412046918946,0.116547562601631
4.13018793112222,-15.0263328552213,0.116558145299388
4.0317068314763,-15.0126021473754,0.11656855272612
3.93307755601143,-15.0000143519228,0.116578783421864
3.83431328615963,-14.9885711006273,0.116588835926945
3.73542722128287,-14.9782738732339,0.116598708764598
3.63643257692006,-14.9691239972719,0.116608400572486
3.53734258303164,-14.9611226478791,0.116617909920323
3.43817048224242,-14.9542708476453,0.116627235463948
3.33892952808275,-14.9485694664767,0.116636375851705
3.23963298322803,-14.9440192214802,0.116645329783347
3.14029411773732,-14.9406206768683,0.11665409596826
3.04092620729067,-14.9383742438841,0.116662673136681
2.94154253142593,-14.9372801807466,0.116671060086639
2.84215637177491,-14.9373385926167,0.116679255556699
2.7427810102993,-14.9385494315827,0.116687258421492
2.64342972752662,-14.9409124966672,0.11669506750907
2.54411580078619,-14.9444274338536,0.116702681672444
2.4448525024457,-14.9490937361329,0.1167100998496
2.34565309814838,-14.9549107435714,0.116717320945875
2.24653084505098,-14.9618776433981,0.116724343924234
2.14749899006303,-14.9699934701127,0.116731167808172
2.04857076808732,-14.9792571056142,0.116737791519647
1.94975940026202,-14.9896672793485,0.116744214229823
1.85107809220476,-15.0012225684784,0.116750434879299
1.75254003225848,-15.0139213980713,0.116756452683609
1.65415838973991,-15.0277620413095,0.116762266684385
1.55594631319028,-15.0427426197187,0.11676787611301
1.45791692862901,-15.0588611034182,0.116773280096349
1.36008333781032,-15.0761153113899,0.116778477892902
1.26245861648294,-15.0945029117684,0.116783468730602
1.16505581265352,-15.1140214221505,0.116788251883115
1.06788794485348,-15.1346682099249,0.116792826702276
0.970968000409925,-15.1564404926223,0.116797192449421
0.874308933720694,-15.1793353382842,0.116801348557062
0.777923664533668,-15.203349665853,0.116805294402823
0.681825076230865,-15.228480245581,0.116809029385328
0.586026014117171,-15.2547236994591,0.116812553015529
0.490539283714258,-15.282076501666,0.116815864745256
0.395377649059789,-15.3105349790361,0.116818964102688
0.300553831012003,-15.3400953115475,0.116821850634955
0.206080505560225,-15.3707535328293,0.116824523938096
0.111970302141146,-15.4025055306886,0.116826983616397
0.0182358019614141,-15.4353470476566,0.116829229288261
-0.075110463673368,-15.4692736815538,0.116831260682099
-0.16805601502315,-15.5042808860753,0.116833077444516
-0.260588425570892,-15.540363971394,0.116834679337761
-0.352695323673155,-15.5775181047838,0.11683606615878
-0.444364394203267,-15.6157383112618,0.116837237654253
-0.535583380186986,-15.6550194742485,0.116838193661339
-0.626340084430568,-15.6953563362475,0.116838934099991
-0.716622371140699,-15.7367434995444,0.116839458773588
-0.806418167536472,-15.7791754269228,0.116839767676262
-0.895715465452854,-15.8226464424005,0.116839860737945
-0.984502322935583,-15.8671507319831,0.116839737940415
-1.07276686582739,-15.9126823444362,0.11683939930967
-1.16049728934504,-15.9592351920759,0.116838844886325
-1.24768185964732,-16.0068030515773,0.116838074752968
-1.3343089153935,-16.0553795648011,0.116837089041981
-1.42036686929217,-16.1049582396383,0.116835887867633
-1.50584420964034,-16.1555324508722,0.116834471410236
-1.59072950185237,-16.2070954410584,0.116832839898681
-1.67501138997875,-16.2596403214226,0.116830993528072
-1.75867859821439,-16.3131600727751,0.116828932621225
-1.84171993239626,-16.3676475464437,0.116826657423875
-1.92412428149026,-16.4230954652226,0.116824168305916
-2.00588061906691,-16.4794964243394,0.116821465594697
-2.08697800476595,-16.5368428924382,0.116818549708828
-2.16740558574947,-16.5951272125803,0.116815421065162
-2.24715259814326,-16.654341603261,0.116812080120015
-2.32620836846664,-16.7144781594433,0.116808527338089
-2.40456231504996,-16.7755288536075,0.116804763258042
-2.48220394944019,-16.8374855368178,0.116800788418152
-2.55912287779395,-16.9003399398045,0.116796603401072
-2.63530880225798,-16.9640836740624,0.116792208780289
-2.710751522337,-17.0287082329646,0.116787605249599
-2.78544093624844,-17.094204992893,0.116782793430394
-2.85936704226426,-17.1605652143832,0.116777774024967
-2.93251994003934,-17.2277800432853,0.116772547782978
-3.00488983192643,-17.2958405119402,0.116767115436995
-3.07646702427751,-17.3647375403704,0.116761477796935
-3.14724192873127,-17.4344619374863,0.121574167160968
-3.21717135810046,-17.5050379640053,0.121567602948976
-3.28624515353715,-17.5764554127324,0.12156080988238
-3.3544532794133,-17.6487039552995,0.121553789002741
-3.42178582476603,-17.7217731436525,0.121546541416391
-3.48823300472488,-17.795652411556,0.121539068270158
-3.55378516192091,-17.8703310761151,0.121531370707131
-3.6184327678775,-17.9457983393135,0.121523449973685
-3.6821664243825,-18.0220432895691,0.121515307261314
-3.7449768648417,-18.0990549033047,0.121506943881334
-3.80685495561331,-18.1768220465361,0.121498361110749
-3.86779169732327,-18.255333476475,0.121489560306206
-3.9277782261613,-18.3345778431484,0.121480542852949
-3.9868058151573,-18.4145436910332,0.121471310118535
-4.04486587543823,-18.4952194607054,0.121461863595357
-4.10194995746488,-18.5765934905055,0.121452204702741
-4.15804975224877,-18.6586540182171,0.121442334982724
-4.21315709254871,-18.7413891827614,0.121432255974888
-4.26726395404692,-18.8247870259053,0.121421969201541
-4.32036245650469,-18.9088354939828,0.121411476328876
-4.37244486489713,-18.9935224396319,0.121400778924516
-4.42350359052716,-19.0788356235429,0.121389878702406
-4.47353119211833,-19.1647627162219,0.121378777319526
-4.52252037688644,-19.2512912997657,0.121367476519093
-4.57046400158978,-19.3384088696505,0.121355978038088
-4.61735507355779,-19.4261028365323,0.12134428367516
-4.66318675169817,-19.5143605280604,0.121332395230181
-4.70795234748196,-19.6031691907019,0.121320314551429
-4.7516453259068,-19.6925159915786,0.121308043502439
-4.79425930643807,-19.782388020315,0.121295583972059
-4.83578806392768,-19.8727722908972,0.121282937913112
-4.87622552951063,-19.9636557435438,0.121270107243536
-4.91556579147892,-20.0550252465857,0.121257093972088
-4.95380309613295,-20.146867598358,0.121243900086693
-4.99093184861006,-20.2391695291006,0.121230527620607
-5.0269466136903,-20.3319177028693,0.121216978654703
-5.06184211657911,-20.4250987194568,0.121203255247355
-5.09561324366697,-20.5186991163218,0.121189359513924
-5.12825504326581,-20.6127053705279,0.121175293604426
-5.15976272632208,-20.7071039006914,0.121161059661573
-5.19013166710647,-20.8018810689368,0.121146659881292
-5.21935740387999,-20.897023182861,0.121132096454049
-5.24743563953659,-20.9925164975048,0.121117371633526
-5.27436224222191,-21.0883472173329,0.121102487649163
-5.30013324592836,-21.1845014982199,0.121087446799777
-5.32474485106623,-21.2809654494447,0.121072251361629
-5.3481934250109,-21.3777251356902,0.121056903670358
-5.37047550262597,-21.4747665790507,0.121041406066468
-5.39158778676223,-21.5720757610447,0.121025760898408
-5.41152714873254,-21.6696386246333,0.121009970566339
-5.43029062876239,-21.7674410762454,0.120994037457609
-5.44787543641607,-21.8654689878062,0.120977964009356
-5.46427895099862,-21.9637081987731,0.12096175264728
-5.47949872193313,-22.0621445181735,0.12094540584563
-5.49353246911376,-22.1607637266499,0.120928926073101
-5.506378083234,-22.2595515785064,0.12091231583198
-5.51803362609049,-22.358493803761,0.120895577637096
-5.52849733086211,-22.4575761102005,0.120878714012398
-5.53776760236444,-22.5567841854382,0.120861727513461
-5.54584301727949,-22.6561036989759,0.120844620699327
-5.55272232436064,-22.7555203042667,0.120827396154486
-5.55840444461285,-22.8550196407819,0.120810056469169
-5.56288847144805,-22.9545873360784,0.120792604255868
-5.5661736708157,-23.0542090078689,0.120775042139519
-5.56825948130848,-23.1538702660929,0.120757372755934
-5.56914551424317,-23.2535567149891,0.120739598759428
-5.5688315537166,-23.3532539551683,0.120721722815537
-5.56731755663674,-23.4529475856875,0.120703747599279
-5.56460365272893,-23.5526232061234,0.120685675803325
-5.56069014451718,-23.6522664186462,0.120667510127617
-5.5555775072806,-23.7518628300935,0.120649253287337
-5.54926638898496,-23.8513980540425,0.120630908003967
-5.5417576101894,-23.9508577128819,0.12061247701346
-5.53305216392821,-24.0502274398829,0.1205939630616
-5.52315121556786,-24.1494928812675,0.120575368898557
-5.51205610263919,-24.2486396982759,0.120556697290924
-5.49976833464475,-24.3476535692315,0.120537951008314
-5.48628959284144,-24.4465201916033,0.120519132835254
-5.47162172999838,-24.5452252840654,0.120500245548845
-5.45576677013013,-24.6437545885541,0.120481291961157
-5.43872690820514,-24.7420938723206,0.120462274854142
-5.42050450982973,-24.8402289299814,0.12044319705403
-5.40110211090738,-24.9381455855632,0.120424061362926
-5.38052241727351,-25.0358296945452,0.120404870606517
-5.35876830430588,-25.1332671458954,0.120385627613513
-5.33584281651044,-25.2304438641029,0.120366335201303
-5.31174916708293,-25.3273458112053,0.120346996214359
-5.28649073744613,-25.4239589888099,0.120327613492448
-5.26007107676291,-25.5202694401095,0.120308189867016
-5.2324939014251,-25.6162632518928,0.1202887281861
-5.20376309451833,-25.7119265565477,0.120269231302136
-5.17388270526277,-25.8072455340584,0.120249702057281
-5.14285694843004,-25.9022064139957,0.12023014330076
-5.11069020373625,-25.9967954775001,0.120210557887169
-5.07738701521122,-26.0909990592575,0.120190948667567
-5.04295209054419,-26.1848035494669,0.120171318505849
-5.00739030040574,-26.2781953958004,0.120151670228027
-4.97070667774648,-26.3711611053553,0.120132006708854
-4.9329064170722,-26.4636872465967,0.12011233079271
-4.8939948736958,-26.555760451292,0.120092645333925
-4.85397756296609,-26.6473674164359,0.12007295317041
-4.81286015947353,-26.7384949061664,0.120053257145895
-4.77064849623301,-26.829129753671,-0.129483855363108
-4.72961729331227,-26.9202953824301,-0.129506766707873
-4.68977332159873,-27.0119764695944,-0.129529672791573
-4.65112315309306,-27.104157605964,-0.129552569761305
-4.61367315980815,-27.1968232985699,-0.129575453785956
-4.57742951270171,-27.2899579732699,-0.129598320975475
-4.54239818064251,-27.3835459773567,-0.129621167501039
-4.50858492941042,-27.477571582181,-0.129643989484883
-4.47599532073058,-27.5720189857857,-0.129666783071192
-4.44463471134162,-27.6668723155534,-0.129689544402522
-4.41450825209835,-27.7621156308653,-0.129712269618767
-4.38562088710886,-27.8577329257716,-0.129734954860832
-4.35797735290625,-27.9537081316729,-0.129757596282119
-4.33158217765522,-28.0500251200121,-0.129780190017359
-4.30643968039343,-28.1466677049761,-0.129802732223883
-4.28255397030803,-28.2436196462072,-0.129825219065863
-4.25992894604726,-28.3408646515242,-0.129847646685876
-4.23856829506731,-28.438386379651,-0.129870011272474
-4.21847549301467,-28.5361684429548,-0.129892308976685
-4.1996538031438,-28.6341944101907,-0.129914535996492
-4.18210627577051,-28.732447809255,-0.129936688507626
-4.16583574776096,-28.830912129944,-0.129958762715606
-4.15084484205644,-28.9295708267203,-0.129980754814464
-4.13713596723392,-29.0284073214841,-0.130002661030915
-4.12471131710262,-29.1274050063508,-0.130024477581842
-4.11357287033646,-29.2265472464328,-0.130046200710728
-4.10372239014261,-29.3258173826266,-0.130067826663022
-4.09516142396611,-29.4251987344033,-0.130089351696505
-4.08789130323062,-29.5246746026027,-0.130110772097342
-4.08191314311543,-29.6242282722315,-0.130132084142827
-4.07722784236858,-29.7238430152628,-0.130153284140721
-4.07383608315633,-29.8235020934385,-0.130174368414015
-4.07173833094891,-29.9231887610734,-0.130195333292376
-4.07093483444249,-30.0228862678608,-0.130216175130327
-4.07142562551755,-30.1225778616777,-0.130236890296822
-4.07321051923353,-30.2222467913922,-0.130257475181602
-4.07628911385982,-30.3218763096686,-0.130277926190563
-4.08066079094306,-30.4214496757738,-0.13029823974936
-4.08632471541073,-30.5209501583813,-0.130318412304298
-4.09327983571104,-30.6203610383742,-0.130338440328047
-4.10152488398912,-30.7196656116458,-0.130358320301177
-4.11105837629936,-30.8188471918984,-0.130378048747972
-4.12187861285407,-30.9178891134379,-0.130397622194972
-4.13398367830818,-31.0167747339662,-0.130417037199064
-4.14737144208009,-31.1154874373691,-0.130436290353461
-4.16203955870865,-31.2140106364996,-0.130455378259714
-4.17798546824603,-31.3123277759568,-0.130474297555212
-4.19520639668658,-31.4104223348592,-0.130493044897679
-4.2136993564315,-31.5082778296123,-0.130511616980047
-4.2334611467894,-31.6058778166701,-0.130530010515659
-4.25448835451243,-31.7032058952896,-0.130548222248375
-4.27677735436807,-31.8002457102783,-0.130566248957553
-4.30032430974647,-31.896980954734,-0.130584087440828
-4.32512517330314,-31.9933953727767,-0.130601734532839
-4.35117568763697,-32.0894727622718,-0.130619187105271
-4.37847138600345,-32.1851969775441,-0.130636442049743
-4.40700759306291,-32.2805519320827,-0.130653496294237
-4.43677942566379,-32.375521601236,-0.130670346812787
-4.46778179366063,-32.4700900248957,-0.130686990586831
-4.5000094007668,-32.564241310171,-0.130703424659682
-4.53345674544176,-32.6579596340507,-0.130719646088655
-4.56811812181265,-32.751229246054,-0.130735651986344
-4.60398762063015,-32.8440344708688,-0.130751439478616
-4.64105913025843,-32.936359710978,-0.130767005741138
-4.67932633769897,-33.0281894492724,-0.130782347998891
-4.71878272964813,-33.1195082516498,-0.130797463482608
-4.75942159358826,-33.210300769601,-0.13081234950817
-4.80123601891215,-33.3005517427803,-0.130827003362934
-4.84421889808081,-33.3902460015631,-0.130841422461564
-4.88836292781403,-33.4793684695858,-0.130855604172601
-4.93366061031391,-33.5679041662725,-0.130869545964404
-4.98010425452086,-33.655838209344,-0.130883245327226
-5.027685977402,-33.7431558173109,-0.130896699783043
-5.07639770527183,-33.8298423119502,-0.130909906920841
-5.12623117514463,-33.9158831207637,-0.130922864336067
-5.17717793611877,-34.0012637794198,-0.13093556972389
-5.22922935079241,-34.0859699341759,-0.130948020748981
-5.28237659671036,-34.1699873442836,-0.130960215196197
-5.33661066784218,-34.2533018843739,-0.130972150833556
-5.39192237609076,-34.3358995468238,-0.130983825524571
-5.4483023528316,-34.4177664441026,-0.130995237136019
-5.50574105048223,-34.4988888110986,-0.131006383608678
-5.56422874410157,-34.5792530074249,-0.131017262921531
-5.6237555330192,-34.6588455197046,-0.131027873110435
-5.68431134249384,-34.7376529638343,-0.131038212232725
-5.74588592540112,-34.8156620872266,-0.131048278412549
-5.80846886395018,-34.8928597710301,-0.131058069852904
-5.87204957142884,-34.9692330323266,-0.131067584736531
-5.93661729397721,-35.0447690263067,-0.131076821333259
-6.00216111238909,-35.1194550484215,-0.131085778000462
-6.0686699439412,-35.1932785365103,-0.131094453076551
-6.13613254424982,-35.2662270729056,-0.131102844988035
-6.20453750915435,-35.3382883865131,-0.131110952208302
-6.27387327662791,-35.4094503548675,0.0542514535904972
-6.34282531548296,-35.4809859085948,0.145913421436808
-6.4107353612653,-35.5535160493548,0.145903193762199
-6.47758919572613,-35.6270256647562,0.145892574879707
-6.54337281977547,-35.7014994391715,0.145881567168457
-6.60807245638701,-35.7769218569148,0.145870173100954
-6.67167455345671,-35.853277205461,0.145858395261158
-6.73416578661484,-35.9305495787064,0.145846236295576
-6.79553306199069,-36.008722880269,0.145833698927609
-6.85576351892948,-36.0877808268282,0.145820786004963
-6.91484453266092,-36.167706951504,0.145807500406274
-6.97276371691879,-36.2484846072734,0.145793845122081
-7.029508926511,-36.3300969704246,0.145779823234869
-7.0850682598397,-36.4125270440482,0.145765437872634
-7.13943006137072,-36.4957576615635,0.145750692266346
-7.19258292405218,-36.5797714902808,0.145735589731595
-7.24451569168127,-36.6645510349978,0.14572013363862
-7.29521746121918,-36.7500786416297,0.145704327448044
-7.34467758505342,-36.8363365008723,0.145688174712441
-7.39288567320709,-36.9233066518976,0.145671679009913
-7.43983159549486,-37.0109709860801,0.145654844067888
-7.48550548362484,-37.099311250755,0.145637673601546
-7.52989773324625,-37.1883090530047,0.145620171468866
-7.57299900594229,-37.2779458634759,0.145602341557724
-7.61480023116774,-37.3682030202239,0.145584187845961
-7.65529260813117,-37.4590617325853,0.145565714367553
-7.69446760762096,-37.5505030850766,0.145546925223752
-7.73231697377514,-37.6425080413191,0.14552782461275
-7.76883272579441,-37.7350574479894,0.145508416733891
-7.80400715959813,-37.8281320387926,0.145488705931024
-7.83783284942286,-37.921712438461,0.145468696551972
-7.8703026493632,-38.0157791667739,0.145448393021142
-7.90140969485452,-38.1103126425995,0.145427799842511
-7.93114740409733,-38.2052931879583,0.145406921556868
-7.95950947942295,-38.3007010321058,0.145385762779768
-7.98648990860025,-38.3965163156351,0.145364328171788
-8.01208296608322,-38.4927190945976,0.145342622457506
-8.0362832141989,-38.589289344641,0.145320650421128
-8.05908550427574,-38.6862069651648,0.145298416886659
-8.0804849777119,-38.7834517834906,0.145275926739188
-8.10047706698338,-38.8810035590479,0.145253184919642
-8.11905749659177,-38.9788419875741,0.145230196407877
-8.13622228395143,-39.0769467053275,0.145206966249659
-8.15196774021577,-39.1752972933128,0.145183499509674
-8.16629047104275,-39.2738732815173,0.145159801333629
-8.17918737729917,-39.3726541531593,0.145135876886618
-8.19065565570369,-39.4716193489444,0.145111731390723
-8.20069279940855,-39.5707482713322,0.145087370100811
-8.20929659851969,-39.6700202888094,0.145062798325006
-8.2164651405553,-39.7694147401714,0.145038021396414
-8.22219681084268,-39.8689109388089,0.145013044704498
-8.22649029285323,-39.9684881770009,0.1449878736575
-8.22934456847566,-40.0681257302107,0.144962513712666
-8.23075891822724,-40.1678028613868,0.144936970357917
-8.23073292140306,-40.2674988252652,0.14491124911355
-8.22926645616335,-40.3671928726743,0.144885355528897
-8.22635969955878,-40.4668642548403,0.144859295195393
-8.22201312749365,-40.5664922276922,0.144833073715715
-8.21622751462724,-40.6660560561663,0.144806696737764
-8.20900393421301,-40.7655350185084,0.144780169930517
-8.20034375787588,-40.8649084105737,0.144753498975032
-8.19024865532772,-40.9641555501229,0.144726689603608
-8.17872059402079,-41.0632557811132,0.144699747541978
-8.16576183873956,-41.162188477985,0.144672678558484
-8.15137495113078,-41.2609330499409,0.144645488431528
-8.13556278917192,-41.3594689452187,0.144618182960167
-8.11832850657817,-41.4577756553556,0.144590767957438
-8.09967555214807,-41.5558327194437,0.144563249264197
-8.07960766904786,-41.6536197283754,0.144535632719276
-8.05812889403486,-41.7511163290782,0.144507924184479
-8.03524355661978,-41.8483022287382,0.144480129538321
-8.01095627816843,-41.9451571990102,0.144452254653951
-7.98527197094279,-42.0416610802155,0.144424305432056
-7.95819583708171,-42.1377937855247,0.144396287770165
-7.92973336752156,-42.2335353051255,0.14436820757534
-7.89989034085679,-42.328865710375,0.144340070763179
-7.86867282214098,-42.4237651579344,0.144311883243204
-7.83608716162833,-42.5182138938868,0.144283650944452
-7.80213999345603,-42.6121922578357,0.14425537978242
-7.76683823426771,-42.7056806869846,0.144227075684865
-7.73018908177825,-42.7986597201961,0.144198744569448
-7.69220001328028,-42.8911100020301,0.144170392345961
-7.65287878409272,-42.9830122867601,0.144142024949426
-7.61223342595153,-43.0743474423662,0.144113648275211
-7.57027224534326,-43.1650964545051,0.144085268227086
-7.52700382178136,-43.2552404304558,0.144056890725924
-7.48243700602607,-43.344760603039,0.144028521619395
-7.4365809182479,-43.4336383345122,0.144000166832647
-7.38944494613521,-43.521855120436,0.143971832203523
-7.34103874294639,-43.6093925935142,0.143943523605659
-7.29137222550674,-43.6962325274048,0.143915246863698
-7.24045557215087,-43.7823568405021,0.143887007838657
-7.18829922061069,-43.867747599688,0.143858812310764
-7.13491386584964,-43.9523870240537,0.143830666095043
-7.08031045784359,-44.0362574885887,0.143802574975831
-7.02450019930868,-44.119341527838,0.143774544702187
-6.96749454337687,-44.2016218395262,0.14374658101778
-6.90930519121944,-44.2830812881476,0.143718689645107
-6.84994408961907,-44.3637029085217,0.143690876277942
-6.78942342849096,-44.4434699093134,0.143663146589313
-6.72775563835342,-44.5223656765172,0.143635506225005
-6.66495338774866,-44.6003737769045,0.143607960835574
-6.60102958061405,-44.6774779614331,0.143580515959884
-6.53599735360469,-44.7536621686196,0.143553177235335
-6.46987007336763,-44.828910527871,0.143525950146573
-6.40266133376823,-44.9032073627788,0.143498840242822
-6.33438495306963,-44.976537194371,-6.60660723400152e-05
-6.26610906073532,-45.0498674747355,-6.60660785144875e-05
-6.19783365676825,-45.1231982038691,-6.6066083768059e-05
-6.12955874117145,-45.1965293817685,-6.60660843255567e-05
-6.06128431394788,-45.2698610084304,-6.60661056890171e-05
-5.9930103751005,-45.3431930838518,-6.60660927907295e-05
-5.92473692463229,-45.4165256080292,-6.60661078283262e-05
-5.85646396254621,-45.4898585809595,-6.60661119661472e-05
-5.78819148884528,-45.5631920026394,-6.60661189962437e-05
-5.71991950353245,-45.6365258730657,-6.60661200953042e-05
-5.6516480066107,-45.7098601922351,-6.60661362159927e-05
-5.58337699808301,-45.7831949601445,-6.60661288487495e-05
-5.51510647795233,-45.8565301767905,-6.60661465630662e-05
-5.44683644622167,-45.92986584217,-6.60661403410819e-05
-5.378566902894,-46.0032019562796,-6.60661561118057e-05
-5.31029784797229,-46.0765385191162,-6.60661570005004e-05
-5.24202928145951,-46.1498755306765,-6.60661573443132e-05
-5.17376120335863,-46.2232129909572,-6.60661756847969e-05
-5.10549361367266,-46.2965508999552,-6.60661750937942e-05
-5.03722651240455,-46.3698892576672,-6.60661844195264e-05
-4.96895989955728,-46.44322806409,-6.60661788668361e-05
-4.90069377513383,-46.5165673192202,-6.60661989544349e-05
-4.83242813913715,-46.5899070230548,-6.60661905991822e-05
-4.76416299157026,-46.6632471755903,-6.60662102091449e-05
-4.69589833243611,-46.7365877768237,-6.60662068277697e-05
-4.62763416173769,-46.8099288267516,-6.60662132356033e-05
-4.55937047947796,-46.8832703253708,-6.60662207437092e-05
-4.49110728565988,-46.9566122726781,-6.60662324616601e-05
-4.42284458028647,-47.0299546686703,-6.60662264054948e-05
-4.35458236336069,-47.103297513344,-6.60662404208245e-05
-4.28632063488551,-47.1766408066961,-6.60662421876463e-05
-4.2180593948639,-47.2499845487233,-6.60662504201955e-05
-4.14979864329883,-47.3233287394224,-6.60662598289371e-05
-4.0815383801933,-47.3966733787902,-6.60662542074613e-05
-4.01327860555027,-47.4700184668233,-6.60662701096516e-05
-3.94501931937273,-47.5433640035186,-6.60662708279779e-05
-3.87676052166364,-47.6167099888728,-6.60662778154232e-05
-3.80850221242596,-47.6900564228827,-6.60662821003858e-05
-3.7402443916627,-47.763403305545,-6.60662902900067e-05
-3.67198705937683,-47.8367506368565,-6.60662980622172e-05
-3.60373021557132,-47.910098416814,-6.6066298959996e-05
-3.53547386024914,-47.9834466454142,-6.60663061820807e-05
-3.46721799341324,-48.0567953226539,-6.6066319016168e-05
-3.39896261506666,-48.1301444485299,-6.60663108044374e-05
-3.33070772521233,-48.2034940230388,-6.60663267050895e-05
-3.26245332385324,-48.2768440461775,-6.60663269682791e-05
-3.19419941099235,-48.3501945179427,-6.60663368240053e-05
-3.12594598663264,-48.4235454383312,-6.6066338363499e-05
-3.0576930507771,-48.4968968073397,-6.60663472931907e-05
-2.98944060342871,-48.570248624965,-6.60663549569182e-05
-2.92118864459042,-48.6436008912039,-6.60663572173367e-05
-2.85293717426523,-48.7169536060531,-6.60663632409873e-05
-2.78468619245608,-48.7903067695094,0.132830844686802
-2.71545896476638,-48.8627513734382,0.132807811415647
-2.64526769445276,-48.9342744795354,0.13278488350912
-2.57412475623036,-49.0048633133887,0.132762064942467
-2.5020426940719,-49.0745052667494,0.132739359620019
-2.42903421897672,-49.1431878997752,0.132716771482008
-2.35511220671014,-49.2108989432422,0.132694304404852
-2.2802896955133,-49.2776263007273,0.132671962244956
-2.20457988378442,-49.3433580507595,0.132649748833797
-2.12799612773132,-49.4080824489403,0.132627667983955
-2.05055193899599,-49.4717879300324,0.132605723478826
-1.97226098225159,-49.5344631100165,0.132583919076953
-1.89313707277195,-49.5960967881161,0.132562258473438
-1.81319417397464,-49.6566779487898,0.132540745399286
-1.73244639493745,-49.7161957636901,0.132519383503892
-1.65090798788902,-49.7746395935895,0.132498176423941
-1.56859334567415,-49.8319989902726,0.132477127793495
-1.48551699919381,-49.8882636983942,0.132456241123295
-1.40169361482087,-49.9434236573039,0.132435520023504
-1.31713799179162,-49.9974690028347,0.132414967992289
-1.23186505957365,-50.0503900690575,0.132394588471489
-1.14588987521064,-50.1021773900007,0.132374384955122
-1.05922762064434,-50.1528217013332,0.132354360833502
-0.971893600014423,-50.2023139420124,0.132334519484207
-0.88390323693664,-50.2506452558957,0.132314864256494
-0.795272071759595,-50.2978069933156,0.132295398489905
-0.706015758800955,-50.3437907126177,0.132276125393643
-0.616150063563128,-50.3885881816629,0.1322570482742
-0.525690859929402,-50.4321913792907,0.132238170292772
-0.434654127340696,-50.4745924967463,0.132219494651098
-0.343055947953533,-50.515783939069,0.132201024424871
-0.250912503779872,-50.5557583264436,0.132182762773515
-0.158240073808924,-50.5945084955122,0.132164712698172
-0.0650550311119755,-50.6320275006488,0.132146877244204
0.0286261600696448,-50.6683086151943,0.132129259383549
0.12278694725282,-50.7033453326529,0.132111862027667
0.217410692656456,-50.7371313678496,0.132094688127379
0.312480676160732,-50.7696606580475,0.132077740492029
0.40798009828073,-50.8009273640266,0.132061021970921
0.503892083154309,-50.830925871122,0.132044535341824
0.600199681543566,-50.8596507902225,0.132028283319588
0.696885873849212,-50.8870969587293,0.132012268619739
0.79393357313773,-50.913259441474,0.131996493868917
0.891325628180246,-50.9381335315966,0.131980961743329
0.989044826502955,-50.961714751382,0.131965674741212
1.08707389744846,-50.9839988530571,0.131950635417851
1.18539551524731,-51.004981819546,0.131935846283009
1.28399230209959,-51.0246598651842,0.131921309726293
1.38284683126558,-51.0430294363924,0.131907028199713
1.4819416301651,-51.060087212308,0.13189300400704
1.5812591834852,-51.0758301053762,0.131879239491846
1.68078193629513,-51.0902552618988,0.131865736913662
1.78049229716876,-51.1033600625418,0.131852498490498
1.88037264131313,-51.1151421228013,0.131839526384222
1.98040531370318,-51.1255992934277,0.131826822750173
2.0805726322217,-51.1347296608077,0.131814389631004
2.18085689080413,-51.1425315473051,0.131802229138085
2.28124036258774,-51.1490035115584,0.131790343183471
2.38170530306437,-51.154144348738,0.131778733771028
2.48223395323635,-51.1579530907599,0.131767402765788
2.58280854277503,-51.1604290064582,0.131756352050908
2.6834112931812,-51.1615716017149,0.131745583394734
2.78402442094722,-51.1613806195481,0.131735098621247
2.88463014071976,-51.1598560401571,0.131724899355253
2.98521066846304,-51.1569980809268,0.13171498732981
3.08574822462177,-51.1528071963883,0.131705364144586
3.18622503728332,-51.1472840781383,0.131696031341612
3.28662334533852,-51.1404296547163,0.131686990481982
3.38692540164048,-51.1322450914391,0.13167824301096
3.48711347616109,-51.1227317901938,0.131669790356296
3.5871698591443,-51.1118913891884,0.131661633913344
3.68707686425586,-51.0997257626603,0.131653774968148
3.78681683172899,-51.0862370205433,0.131646214848203
3.88637213150503,-51.0714275080919,-6.5469637694066e-05
3.98592752749743,-51.0566186518712,-6.5469636890995e-05
4.08548301970184,-51.0418104518818,-6.54696435604878e-05
4.1850386081139,-51.0270029081244,-6.54696320882717e-05
4.28459429272929,-51.0121960205995,-6.54696409771802e-05
4.38415007354361,-50.9973897893078,-6.5469636833007e-05
4.48370595055252,-50.9825842142499,-6.54696471570934e-05
4.58326192375167,-50.9677792954265,-6.54696534376928e-05
4.68281799313672,-50.9529750328383,-6.54696423774634e-05
4.78237415870333,-50.9381714264858,-6.54696498805415e-05
4.8819304204471,-50.9233684763697,-6.54696481546059e-05
4.98148677836371,-50.9085661824906,-6.54696555506094e-05
5.0810432324488,-50.8937645448492,-6.54696547660125e-05
5.18059978269802,-50.8789635634461,-6.54696626061556e-05
5.28015642910704,-50.864163238282,-6.54696492988709e-05
5.37971317167146,-50.8493635693574,-6.54696684127727e-05
5.47927001038696,-50.8345645566731,-6.54696562305854e-05
5.57882694524917,-50.8197662002296,-6.54696639535755e-05
5.67838397625375,-50.8049685000276,-6.5469662776701e-05
5.77794110339637,-50.7901714560677,-6.54696800355637e-05
5.87749832667263,-50.7753750683507,-6.54696587325578e-05
5.9770556460782,-50.760579336877,-6.54696758962483e-05
6.07661306160872,-50.7457842616474,-6.5469674588639e-05
6.17617057325985,-50.7309898426625,-6.54696630196756e-05
6.27572818102726,-50.7161960799228,-6.54696891706229e-05
6.37528588490654,-50.7014029734292,-6.5469669282107e-05
6.47484368489336,-50.6866105231821,-6.54696867314704e-05
6.57440158098338,-50.6718187291823,-6.54696846160132e-05
6.67395957317225,-50.6570275914304,-6.5469673600679e-05
6.77351766145563,-50.6422371099269,-6.54696895016079e-05
6.87307584582912,-50.6274472846726,-6.54696890659587e-05
6.97263412628839,-50.6126581156681,-6.54696975106661e-05
7.0721925028291,-50.5978696029141,-6.54696742747594e-05
7.17175097544688,-50.583081746411,-6.54697039891171e-05
7.27130954413742,-50.5682945461597,-6.5469690598722e-05
7.37086820889631,-50.5535080021607,-6.54696997488635e-05
7.47042696971921,-50.5387221144147,-6.54696868425834e-05
7.56998582660179,-50.5239368829222,-6.54697149864795e-05
7.66954477953968,-50.5091523076841,-6.54696947251823e-05
7.76910382852857,-50.4943683887008,-6.5469701211702e-05
7.86866297356403,-50.479585125973,-6.54697088615769e-05
7.96822221464176,-50.4648025195014,-6.54696988464964e-05
8.06778155175739,-50.4500205692865,-6.5469715661325e-05
8.16734098490658,-50.4352392753291,-6.54697136956081e-05
8.26690051408499,-50.4204586376298,-6.54697123347799e-05
8.36646013928822,-50.4056786561892,-6.54697099774757e-05
8.46601986051195,-50.3908993310079,-6.54697181567541e-05
8.56557967775182,-50.3761206620866,-6.54697169351568e-05
8.66513959100349,-50.3613426494259,-6.54697150483712e-05
8.76469960026262,-50.3465652930264,-6.5469731508896e-05
8.8642597055248,-50.3317885928889,-6.54697120015469e-05
8.96381990678572,-50.3170125490138,-6.54697374373509e-05
9.06338020404101,-50.302237161402,-6.54697182950146e-05
9.16294059728634,-50.2874624300539,-6.54697254155773e-05
9.26250108651737,-50.2726883549702,-6.54697426368619e-05
9.36206167172969,-50.2579149361517,-6.54697216016028e-05
9.46162235291898,-50.2431421735988,-6.54697395234868e-05
9.56118313008088,-50.2283700673123,-6.5469728643337e-05
9.66074400321105,-50.2135986172927,-6.54697455951374e-05
9.76030497230516,-50.1988278235408,-6.54697336913498e-05
9.8598660373588,-50.1840576860571,-6.54697520626448e-05
9.95942719836764,-50.1692882048424,-6.54697301957832e-05
10.0589884553273,-50.1545193798971,-6.54697485990281e-05
10.1585498082335,-50.139751211222,-6.54697481174526e-05
10.2581112570819,-50.1249836988177,-6.54697543960708e-05
10.3576728018681,-50.1102168426849,-6.54697411980536e-05
10.4572344425876,-50.0954506428241,-6.54697532178726e-05
10.5567961792363,-50.080685099236,-6.54697587331833e-05
10.6563580118097,-50.0659202119213,-6.54697477311674e-05
10.7559199403035,-50.0511559808805,-6.54697666170622e-05
10.8554819647134,-50.0363924061144,-6.54697526884959e-05
10.9550440850349,-50.0216294876235,-6.5469761867505e-05
11.0546063012637,-50.0068672254085,-6.5469761258486e-05
11.1541686133955,-49.99210561947,-6.54697690291633e-05
11.253731021426,-49.9773446698087,-6.54697640807662e-05
11.3532935253506,-49.9625843764252,-6.54697679029248e-05
11.4528561251653,-49.9478247393201,-6.54697712589806e-05
11.5524188208654,-49.9330657584941,-6.5469772182333e-05
11.6519816124468,-49.9183074339478,-6.54697701763242e-05
11.7515444999051,-49.9035497656818,-6.54697757787625e-05
11.8511074832358,-49.8887927536968,-0.0950826532281032
11.950805105651,-49.8749895082294,-0.0950865599248799
12.0506281741143,-49.8621412818938,-0.0950905793824338
12.1505674839505,-49.8502492386977,-0.0950947112590376
12.2506138196996,-49.8393144539343,-0.0950989552177383
12.3507579559715,-49.8293379140827,-0.0951033108683487
12.4509906583026,-49.820320516716,-0.0951077778489176
12.5513026840117,-49.8122630704182,-0.0951123558028599
12.6516847830583,-49.8051662947093,-0.0951170443376641
12.7521276989005,-49.7990308199786,-0.0951218430109212
12.8526221693536,-49.7938571874257,-0.0951267514815033
12.95315892745,-49.789645849011,-0.0951317692863819
13.0537287022983,-49.7863971674133,-0.0951368959972278
13.1543222199441,-49.7841114159961,-0.0951421312088752
13.2549302042301,-49.7827887787826,-0.0951474744555841
13.3555433776567,-49.7824293504384,-0.0951529252928037
13.4561524622427,-49.7830331362628,-0.095158483241204
13.5567481803867,-49.7846000521882,-0.0951641478201795
13.657321255727,-49.7871299247878,-0.0951699185779445
13.757862414003,-49.790622491292,-0.0951757950228403
13.8583623839151,-49.7950773996128,-0.0951817766060003
13.9588118979855,-49.800494208376,-0.0951878628662232
14.0592016934172,-49.8068723869626,-0.0951940532549196
14.1595225129543,-49.8142113155578,-0.0952003472571408
14.2597651057404,-49.8225102852086,-0.0952067443453383
14.3599202281767,-49.8317684978897,-0.0952132439387619
14.4599786447802,-49.8419850665772,-0.095219845499208
14.5599311290402,-49.8531590153311,-0.0952265484832198
14.6597684642741,-49.865289279386,-0.0952333522914081
14.7594814444831,-49.8783747052497,-0.0952402563310629
14.859060875206,-49.8924140508101,-0.0952472600439841
14.9584975743723,-49.9074059854508,-0.0952543627922017
15.0577823731539,-49.9233490901741,-0.0952615640198465
15.1569061168162,-49.9402418577333,-0.0952688630394046
15.2558596655673,-49.9580826927718,-0.095276259265037
15.3546338954058,-49.9768699119715,-0.0952837520673446
15.4532196989676,-49.9966017442091,-0.0952913407850738
15.5516079863706,-50.0172763307202,-0.0952990247548307
15.6497896860584,-50.0388917252717,-0.0953068033512806
15.7477557456417,-50.0614458943427,-0.0953146758768175
15.8454971327382,-50.0849367173129,-0.0953226416447821
15.9430048358108,-50.1093619866593,-0.0953306999957343
16.0402698650033,-50.1347194081612,-0.0953388502130688
16.1372832529751,-50.161006601113,-0.095347091619336
16.2340360557326,-50.1882210985452,-0.0953554234586419
16.3305193534593,-50.2163603474529,-0.0953638450449826
16.4267242513433,-50.245421709033,-0.0953723556434794
16.5226418804026,-50.275402458929,-0.0953809545272621
16.6182633983079,-50.3062997874838,-0.0953896409084807
16.7135799902034,-50.3381108000001,-0.0953984140958706
16.8085828695237,-50.3708325170093,-0.0954072732719141
16.9032632788099,-50.4044618745476,-0.0954162177158234
16.997612490522,-50.4389957244408,-0.0954252466174062
17.0916218078481,-50.4744308345958,-0.0954343592010543
17.1852825655119,-50.5107638893008,-0.0954435546791423
17.2785861305762,-50.5479914895328,-0.0954528322597047
17.3715239032442,-50.5861101532732,-0.0954621911110113
17.4640873176572,-50.6251163158305,-0.095471630441586
17.5562678426895,-50.6650063301714,-0.095481149398807
17.6480569827397,-50.7057764672587,-0.0954907471886977
17.7394462785191,-50.7474229163978,-0.0955004229617057
17.8304273078363,-50.78994178559,-0.0955101758557183
17.920991686379,-50.8333291018936,-0.095520005023306
18.0111310684916,-50.8775808117924,-0.0955299096201384
18.1008371479497,-50.9226927815721,-0.0955398887628904
18.1901016587305,-50.9686607977035,-0.0955499415955527
18.2789163757799,-51.0154805672337,-0.0955600672065691
18.3672731157756,-51.0631477181841,-0.0955702647465082
18.4551637378863,-51.1116577999564,-0.0955805332787803
18.5425801445272,-51.1610062837452,-0.0955908719304044
18.6295142821109,-51.2111885629583,-0.0956012797763929
18.715958141795,-51.2621999536441,-0.0956117559251673
18.8019037602248,-51.3140356949263,-0.0956222994075089
18.8873432202726,-51.3666909494453,-0.0956329093418281
18.9722686517719,-51.4201608038074,-0.0956435847769631
19.0566722322475,-51.4744402690404,-0.0956543247547724
19.1405461876416,-51.5295242810565,-0.0956651283281831
19.2238827930351,-51.5854077011222,-0.0956759945798698
19.3066743733637,-51.6420853163351,-0.095686922506937
19.3889133041308,-51.6995518401076,-0.0956979111361598
19.4705920121144,-51.757801912657,-0.0957089595432865
19.5517029760698,-51.8168301015034,-0.0957200666893463
19.6322387274277,-51.8766309019732,-0.0957312316416022
19.7121918509867,-51.9371987377102,-0.0957424533643695
19.7915549856017,-51.9985279611927,-0.0957537308894474
19.8703208248665,-52.0606128542576,-0.0957650631986251
19.9484821177918,-52.1234476286308,-0.0957764492811335
20.0260316694784,-52.1870264264646,-0.0957878881369962
20.1029623417839,-52.2513433208807,-0.0957993787304446
20.1792670539856,-52.3163923165204,-0.0958109200277038
20.2549387834374,-52.3821673501007,-0.095822511051666
20.3299705662209,-52.4486622909772,-0.0958341506796146
20.4043554977922,-52.5158709417123,-0.0958458379416744
20.4780867336219,-52.5837870386507,-0.0958575717468529
20.5511574898305,-52.6524042525002,-0.0958693510955714
20.6235610438176,-52.7217161889195,-0.0958811748478556
20.6952907348858,-52.7917163891105,-0.0958930420267727
20.7663399648585,-52.8623983304185,-0.0959049515192556
20.8367021986922,-52.9337554269369,-0.0959169022635521
20.9063709650827,-53.0057810301182,-0.0959288931835445
20.9753398570658,-53.0784684293912,-0.0959409231910475
21.0436025326113,-53.151810852783,-0.0959529912335128
21.1111527152117,-53.2258014675481,-0.0959650961805521
21.1779841944645,-53.3004333808017,-0.0959772369445526
21.2440908266485,-53.3756996401594,-0.0959894124687675
21.3094665352933,-53.4515932343823,-0.0960016215875305
21.374105311744,-53.5281070940276,-0.0960138632597295
21.4380012157176,-53.6052340921042,-0.0960261363287704
21.5011483758551,-53.6829670447344,-0.0960384396931203
21.5635409902656,-53.7612987118198,-0.0960507722556663
21.6251733270648,-53.8402217977136,-0.0960631328654168
21.686039724907,-53.9197289518973,-0.0960755204136168
21.74613459351,-53.9998127696624,-0.0960879337797269
21.805452414174,-54.0804657927979,-0.0961003718044997
21.8639877402937,-54.1616805102819,-0.0961128333894288
21.9217351978634,-54.2434493589787,-0.0961253173788085
21.9786894859756,-54.3257647243403,-0.0961378226129651
22.0348453773132,-54.408618941113,-0.0961503479959988
22.0901977186339,-54.4920042940486,-0.0961628923336703
22.1447414312488,-54.5759130186201,-0.0961754545067624
22.1984715114934,-54.6603373017423,-0.0961880333312415
22.251383031192,-54.7452692824964,-0.0875981105213432
22.3035449615498,-54.8306566858558,-6.62444641970906e-05
22.3557063235722,-54.9160444311085,-6.62444778469751e-05
22.407867117257,-55.001432518251,-6.62444881755009e-05
22.4600273426018,-55.0868209472794,-6.62444927498825e-05
22.5121869996044,-55.17220971819,-6.62444943025905e-05
22.5643460882625,-55.2575988309789,-6.62444946066887e-05
22.616504608574,-55.3429882856425,-6.62445140315599e-05
22.6686625605364,-55.4283780821769,-6.62445092308839e-05
22.7208199441476,-55.5137682205784,-6.62445246903486e-05
22.7729767594052,-55.5991587008432,-6.62445150843596e-05
22.8251330063071,-55.6845495229675,-6.6244535962124e-05
22.8772886848509,-55.7699406869476,-6.62445430197301e-05
22.9294437950343,-55.8553321927797,-6.62445330518254e-05
22.9815983368552,-55.94072404046,-6.62445628562526e-05
23.0337523103111,-56.0261162299848,-6.62445443495855e-05
23.0859057154,-56.1115087613503,-6.62445683755324e-05
23.1380585521194,-56.1969016345527,-6.62445635315605e-05
23.1902108204672,-56.2822948495883,-6.62445748802088e-05
23.242362520441,-56.3676884064532,-6.6244569807724e-05
23.2945136520387,-56.4530823051437,-6.62445988900825e-05
23.3466642152578,-56.5384765456561,-6.62445804665252e-05
23.3988142100963,-56.6238711279866,-6.624460578949e-05
23.4509636365517,-56.7092660521314,-6.62445952467465e-05
23.5031124946219,-56.7946613180867,-6.62446103115928e-05
23.5552607843045,-56.8800569258487,-6.62446209312355e-05
23.6074085055973,-56.9654528754138,-6.62446162587672e-05
23.659555658498,-57.050849166778,-6.62446313235384e-05
23.7117022430044,-57.1362457999378,-6.62446280691928e-05
23.7638482591142,-57.2216427748892,-6.62446408916057e-05
23.8159937068251,-57.3070400916285,-6.62446387820116e-05
23.8681385861349,-57.3924377501519,-6.62446657050943e-05
23.9202828970412,-57.4778357504558,-6.62446446962834e-05
23.9724266395419,-57.5632340925362,-6.62446631464634e-05
24.0245698136347,-57.6486327763895,-6.62446731982123e-05
24.0767124193172,-57.7340318020118,-6.62446739527116e-05
24.1288544565873,-57.8194311693995,-6.62446797428832e-05
24.1809959254426,-57.9048308785486,-6.62446844680469e-05
24.233136825881,-57.9902309294556,-6.62446994185862e-05
24.2852771579,-58.0756313221165,-6.62446947029898e-05
24.3374169214975,-58.1610320565276,-6.62447011027431e-05
24.3895561166712,-58.2464331326851,-6.62447146992272e-05
24.4416947434188,-58.3318345505853,-6.62447181688999e-05
24.4938328017381,-58.4172363102245,-6.62447148281321e-05
24.5459702916268,-58.5026384115987,-6.62447381149267e-05
24.5981072130826,-58.5880408547044,-6.62447345438621e-05
24.6502435661032,-58.6734436395376,-6.62447353296123e-05
24.7023793506865,-58.7588467660947,-6.624474091726e-05
24.7545145668301,-58.8442502343717,-6.62447638456966e-05
24.8066492145317,-58.9296540443651,-6.62447572857563e-05
24.8587832937891,-59.015058196071,-6.62447559069817e-05
24.9109168046001,-59.1004626894856,-6.62447818449038e-05
24.9630497469623,-59.1858675246053,-6.62447659151723e-05
25.0151821208735,-59.271272701426,-6.62447849490855e-05
25.0673139263315,-59.3566782199443,-6.62447904899056e-05
25.1194451633339,-59.4420840801562,-6.62447943027168e-05
25.1715758318785,-59.527490282058,-6.62448017900413e-05
25.223705931963,-59.6128968256459,-6.62448007351678e-05
25.2758354635852,-59.6983037109161,-6.62448182105681e-05
25.3279644267428,-59.783710937865,-6.62448197911554e-05
25.3800928214335,-59.8691185064887,-6.62448198531979e-05
25.4322206476551,-59.9545264167834,-6.62448262479272e-05
25.4843479054053,-60.0399346687453,-6.62448440385984e-05
25.5364745946818,-60.1253432623708,-6.6244837956655e-05
25.5886007154824,-60.210752197656,-6.62448450319256e-05
25.6407262678048,-60.2961614745971,-6.62448632000933e-05
25.6928512516467,-60.3815710931905,-6.62448511474942e-05
25.7449756670059,-60.4669810534322,-6.62448690196355e-05
25.7970995138801,-60.5523913553186,-6.62448765433289e-05
25.849222792267,-60.6378019988459,-6.62448751507793e-05
25.9013455021644,-60.7232129840103,-6.62448823109165e-05
25.95346764357,-60.808624310808,-6.62448953205868e-05
26.0055892164815,-60.8940359792353,-6.62448891989688e-05
26.0577102208967,-60.9794479892883,-6.62449023712716e-05
26.1098306568134,-61.0648603409635,-6.6244912625885e-05
26.1619505242291,-61.1502730342568,-6.62449177600768e-05
26.2140698231417,-61.2356860691647,-6.62449064052955e-05
26.266188553549,-61.3210994456832,-6.6244932353942e-05
26.3183067154486,-61.4065131638087,-6.62449321631588e-05
26.3704243088383,-61.4919272235374,-6.62449415468785e-05
26.4225413337157,-61.5773416248654,-6.62449347499054e-05
26.4746577900788,-61.6627563677891,-6.62449591416633e-05
26.5267736779251,-61.7481714523047,-6.62449520071204e-05
26.5788889972524,-61.8335868784083,-6.62449621821112e-05
26.6310037480585,-61.9190026460963,-6.62449722532077e-05
26.683117930341,-62.0044187553648,-6.62449679723827e-05
26.7352315440978,-62.0898352062101,-6.62449756156448e-05
26.7873445893266,-62.1752519986284,-6.62449867380266e-05
26.839457066025,-62.2606691326158,-6.62450051920971e-05
26.8915689741908,-62.3460866081689,-6.62449838318704e-05
26.9436803138218,-62.4315044252835,-6.62450073147922e-05
26.9957910849157,-62.5169225839561,-6.62450059880221e-05
27.0479012874703,-62.6023410841829,-6.62450246985148e-05
27.1000109214831,-62.68775992596,-6.62450175016022e-05
27.1521199869521,-62.7731791092838,-6.6245022798605e-05
27.2042284838749,-62.8585986341503,-6.62450375089138e-05
27.2563364122493,-62.944018500556,-6.62450343293929e-05
27.308443772073,-63.0294387084969,-6.62450525896549e-05
27.3605505633437,-63.1148592579694,-6.62450458066004e-05
27.4126567860592,-63.2002801489696,-6.62450586623432e-05
27.4647624402172,-63.2857013814938,-6.62450709500285e-05
27.5168675258154,-63.3711229555383,-6.6245065283894e-05
27.5689720428516,-63.4565448710992,-6.6245072234755e-05
27.6210759913235,-63.5419671281727,-6.62450764201166e-05
27.6731793712289,-63.6273897267551,-6.62450980744072e-05
27.7252821825654,-63.7128126668427,-6.62450828287426e-05
27.7773844253309,-63.7982359484316,-6.62451092277919e-05
27.829486099523,-63.8836595715182,-6.62450977329541e-05
27.8815872051395,-63.9690835360985,-0.190335741828049
27.9320456131231,-64.055472943401,-0.19038517599171
27.9808432269922,-64.1427963196922,-0.190434690295723
28.027962553222,-64.2310218521578,-0.190484266804378
28.0733867075963,-64.3201174004525,-0.190533887649767
28.1170994213366,-64.4100505083686,-0.190583534796116
28.1590850470094,-64.5007884156197,-0.190633190267237
28.1993285642063,-64.592298069734,-0.190682836003208
28.2378155849974,-64.6845461380543,-0.190732453882932
28.2745323591553,-64.7774990198396,-0.190782025842498
28.3094657791467,-64.8711228584638,-0.190831533736369
28.3426033848914,-64.9653835537076,-0.190880959467883
28.3739333682857,-65.0602467741386,-0.190930284887258
28.4034445774896,-65.1556779695757,-0.190979491845406
28.4311265209757,-65.2516423836323,-0.191028562291086
28.4569693713376,-65.3481050663349,-0.191077478066049
28.4809639688585,-65.4450308868119,-0.191126221182642
28.5031018248358,-65.5423845460479,-0.191174773507501
28.523375124664,-65.6401305896991,-0.191223117137659
28.5417767306709,-65.7382334209652,-0.191271234090645
28.5583001847093,-65.8366573135128,-0.191319106444017
28.572939710502,-65.9353664244462,-0.191366716422323
28.5856902157383,-66.0343248073201,-0.191414046222321
28.5965472939232,-66.1334964251901,-0.19146107819832
28.6055072259768,-66.2328451636963,-0.191507794681256
28.6125669815851,-66.3323348441741,-0.191554178220761
28.6177242202996,-66.4319292367899,-0.191600211342368
28.6209772923875,-66.5315920736936,-0.191645876800272
28.62232523943,-66.6312870621866,-0.191691157303068
28.6217677946711,-66.730977897897,-0.191736035852362
28.6193053831136,-66.8306282779611,-0.191780495426939
28.6149391213654,-66.9302019142024,-0.191824519211582
28.608670817234,-67.0296625463067,-0.19186809055517
28.6005029690698,-67.1289739549862,-0.191911192869956
28.5904387648595,-67.2280999751295,-0.191953809781704
28.5784820810686,-67.3270045089308,-0.191995925074164
28.5646374812339,-67.4256515389959,-0.192037522698298
28.5489102143066,-67.5240051414181,-0.19207858673082
28.531306212747,-67.6220294988209,-0.192119101487868
28.5118320903706,-67.719688913361,-0.19215905148749
28.4904951399465,-67.8169478196891,-0.192198421349335
28.4673033305504,-67.9137707978618,-0.192237196011926
28.4422653046708,-68.010122586201,-0.192275360512688
28.4153903750719,-68.1059680940957,-0.192312900217053
28.386688521412,-68.2012724147416,-0.192349800607732
28.3561703866207,-68.2960008378146,-0.192386047471352
28.3238472730348,-68.390118862072,-0.192421626773841
28.289731138295,-68.4835922078789,-0.192456524761624
28.2538345910048,-68.5763868296527,-0.192490727913181
28.2161708861526,-68.6684689282244,-0.192524222991283
28.1767539202994,-68.7598049631087,-0.19255699692924
28.1355982265341,-68.8503616646815,-0.192589037030752
28.0927189691967,-68.9401060462585,-0.192620330830586
28.048131938373,-69.0290054160708,-0.192650866116078
28.001853544162,-69.1170273891341,-0.192680630973525
27.9539008107182,-69.2041398990062,-0.192709613815972
27.9042913700707,-69.2903112094286,-0.192737803287137
27.8530434557222,-69.3755099258484,-0.192765188373941
27.8001758960288,-69.4597050068168,-0.192791758371665
27.7457081073646,-69.5428657752579,-0.192817502827003
27.6896600870726,-69.6249619296068,-0.192842411677942
27.6320524062042,-69.7059635548107,-0.192866475133212
27.5729062020513,-69.7858411331891,-0.192889683743039
27.5122431704719,-69.8645655551509,-0.192912028373785
27.4500855580137,-69.9421081297624,-0.192933500252535
27.3864561538371,-70.0184405951637,-0.192954090893695
27.3213782814418,-70.0935351288294,-0.192973792223427
27.2548757901988,-70.1673643576695,-0.192992596437727
27.1869730466921,-70.2399013679674,-0.19301049614124
27.1176949258722,-70.3111197151509,-0.193027484249823
27.0470668020251,-70.3809934333932,-0.193043554056886
26.9751145395603,-70.4494970450397,-0.193058699219846
26.9018644836203,-70.5166055698579,-0.193072913741448
26.8273434505163,-70.5822945341063,-0.193086192002185
26.7515787179919,-70.6465399794201,-0.193098528747698
26.6745980153205,-70.7093184715088,-0.193109919071354
26.5964295132375,-70.7706071086648,-0.193120358494469
26.5171018137132,-70.8303835300773,-0.193129842858702
26.4366439395684,-70.8886259239509,-0.193138368405316
26.3550853239381,-70.9453130354241,-0.193145931755098
26.2724557995851,-71.0004241742864,-0.193152529914296
26.1887855880693,-71.0539392224896,-0.193158160261446
26.1041052887762,-71.1058386414516,-0.193162820555852
26.0184458678067,-71.1561034791505,-0.19316650895009
25.9318386467355,-71.2047153770048,-0.193169224004379
25.8443152912394,-71.2516565765384,-0.193170964582196
25.7559077996012,-71.2969099258284,-0.193171730049899
25.6666484910922,-71.3404588857318,-0.193171520101636
25.5765699942389,-71.3822875358899,-0.193170334773373
25.485705234977,-71.4223805805088,-0.193168174559324
25.3940874246977,-71.4607233539123,-0.193165040367872
25.3017500481896,-71.497301825866,-0.193160933348236
25.2087268514828,-71.5321026066717,-0.193155855208383
25.1150518295966,-71.565112952028,-0.193149807923733
25.0207592141978,-71.5963207676575,-0.193142793910955
24.9258834611727,-71.6257146136975,-0.193134815942115
24.8304592381177,-71.6532837088534,-0.193125877191528
24.7345214117531,-71.6790179343128,-0.193115981199824
24.638105035265,-71.7029078374191,-0.193105131890752
24.5412453355785,-71.7249446351035,-0.193093333557983
24.4439777005688,-71.7451202170736,-0.193080590863956
24.3463376662135,-71.7634271487581,-0.19306690889619
24.2483609036912,-71.7798586740054,-0.193052293017224
24.1500832064307,-71.7944087175371,-0.193036749036627
24.0515404771162,-71.8070718871533,-0.193020283106259
23.9527687146529,-71.8178434756902,-0.193002901719951
23.853804001097,-71.8267194627292,-0.19298461173317
23.7546824885565,-71.8336965160566,-0.192965420393527
23.6554403860657,-71.8387719928731,-0.192945335247906
23.5561139464397,-71.8419439407535,-0.192924364215624
23.4567394531123,-71.8432110983555,-0.192902515556325
23.3573532069633,-71.8425728958777,-0.192879797901598
23.2579915131397,-71.8400294552661,-0.19285622013657
23.1586906678745,-71.8355815901704,-0.192831791571881
23.0594869453093,-71.8292308056481,-0.192806521759416
22.9604165843252,-71.8209792976185,-0.192780420670408
22.8615157753857,-71.810829952065,-0.192753498493335
22.7628206473981,-71.7987863439877,-0.192725765771429
22.6643672545963,-71.7848527361055,-0.192697233402922
22.5661915634513,-71.7690340773081,-0.192667912485024
22.4683294396139,-71.7513360008599,-6.70603348132904e-05
22.3704674311554,-71.7336372712777,-6.70603338748883e-05
22.2726055380803,-71.7159378885623,-6.70603139985752e-05
22.1747437603929,-71.6982378527146,-6.70603359747537e-05
22.0768820980974,-71.6805371637351,-6.70603012395887e-05
21.9790205511983,-71.6628358216249,-6.70603236616307e-05
21.8811591196999,-71.6451338263845,-6.70603132537247e-05
21.7832978036064,-71.6274311780147,-6.7060301150497e-05
21.6854366029223,-71.6097278765164,-6.70603121419268e-05
21.5875755176519,-71.5920239218902,-6.70602951774986e-05
21.4897145477995,-71.574319314137,-6.70602845894987e-05
21.3918536933693,-71.5566140532576,-6.70603041085526e-05
21.2939929543659,-71.5389081392526,-6.70602903216959e-05
21.1961323307934,-71.5212015721228,-6.7060277923558e-05
21.0982718226562,-71.5034943518691,-6.70602897502562e-05
21.0004114299588,-71.4857864784921,-6.70602701946123e-05
20.9025511527052,-71.4680779519927,-6.70602753344238e-05
20.8046909909,-71.4503687723716,-6.70602696405424e-05
20.7068309445475,-71.4326589396296,-6.70602703860906e-05
20.6089710136519,-71.4149484537674,-6.70602641029015e-05
20.5111111982177,-71.3972373147858,-6.70602563708478e-05
20.4132514982491,-71.3795255226856,-6.70602595497036e-05
20.3153919137505,-71.3618130774675,-6.70602537425738e-05
20.2175324447262,-71.3440999791323,-6.70602436963296e-05
20.1196730911805,-71.3263862276808,-6.70602496480018e-05
20.0218138531178,-71.3086718231137,-6.70602311245966e-05
19.9239547305424,-71.2909567654319,-6.70602437732968e-05
19.8260957234586,-71.273241054636,-6.70602382943785e-05
19.7282368318708,-71.2555246907268,-6.70602298048551e-05
19.6303780557833,-71.2378076737051,-6.70602257457024e-05
19.5325193952005,-71.2200900035717,-6.70602122643195e-05
19.4346608501265,-71.2023716803274,-6.70602315252245e-05
19.3368024205659,-71.1846527039728,-6.70602114225796e-05
19.2389441065229,-71.1669330745088,-6.70602172724241e-05
19.1410859080019,-71.1492127919361,-6.70602072583643e-05
19.0432278250072,-71.1314918562555,-6.70601983468536e-05
18.945369857543,-71.1137702674678,-6.70602079183684e-05
18.8475120056139,-71.0960480255737,-6.70601942643787e-05
18.749654269224,-71.078325130574,-6.70601904237586e-05
18.6517966483777,-71.0606015824695,-6.70601948778091e-05
18.5539391430794,-71.0428773812609,-6.70601849450524e-05
18.4560817533334,-71.025152526949,-6.70601791930049e-05
18.358224479144,-71.0074270195346,-6.70601918880394e-05
18.2603673205155,-70.9897008590183,-6.70601653125161e-05
18.1625102774523,-70.9719740454011,-6.70601780132832e-05
18.0646533499587,-70.9542465786836,-6.70601594844385e-05
17.966796538039,-70.9365184588667,-6.70601655642266e-05
17.8689398416976,-70.9187896859511,-6.70601686921187e-05
17.7710832609389,-70.9010602599375,-6.70601564823882e-05
17.673226795767,-70.8833301808267,-6.70601445710796e-05
17.5753704461864,-70.8655994486196,-6.70601670573187e-05
17.4775142122014,-70.8478680633167,-6.70601374271492e-05
17.3796580938163,-70.830136024919,-6.70601335004482e-05
17.2818020910355,-70.8124033334273,-6.7060154581776e-05
17.1839462038633,-70.7946699888421,-6.70601292019402e-05
17.086090432304,-70.7769359911644,-6.70601308751999e-05
16.988234776362,-70.7592013403949,-6.70601220870844e-05
16.8903792360415,-70.7414660365344,-6.706012980169e-05
16.792523811347,-70.7237300795836,-6.70601294381642e-05
16.6946685022827,-70.7059934695432,-6.70601043887953e-05
16.596813308853,-70.6882562064142,-6.7060125490021e-05
16.4989582310622,-70.6705182901971,-6.70600986530282e-05
16.4011032689146,-70.6527797208929,-6.70601135795978e-05
16.3032484224147,-70.6350404985022,-6.70600957558646e-05
16.2053936915666,-70.6173006230259,-6.70601093391478e-05
16.1075390763748,-70.5995600944646,-6.7060089138294e-05
16.0096845768435,-70.5818189128192,-6.70600870147074e-05
15.9118301929772,-70.5640770780905,-6.70600961608763e-05
15.81397592478,-70.5463345902791,-6.7060083242106e-05
15.7161217722565,-70.5285914493859,-6.70600824331858e-05
15.6182677354108,-70.5108476554116,-6.7060067662016e-05
15.5204138142474,-70.4931032083571,-6.70600786131748e-05
15.4225600087705,-70.475358108223,-6.7060074777528e-05
15.3247063189845,-70.4576123550101,-6.70600666716782e-05
15.2268527448938,-70.4398659487192,-6.70600592844295e-05
15.1289992865026,-70.4221188893511,-6.70600508035031e-05
15.0311459438152,-70.4043711769066,-6.7060065708103e-05
14.9332927168361,-70.3866228113863,-6.70600502599198e-05
14.8354396055696,-70.3688737927911,-6.70600413424441e-05
14.7375866100199,-70.3511241211218,-6.70600549382544e-05
14.6397337301915,-70.333373796379,-6.7060027329655e-05
14.5418809660885,-70.3156228185637,-6.70600412172506e-05
14.4440283177155,-70.2978711876765,-6.70600433675327e-05
14.3461757850766,-70.2801189037181,-6.70600187072234e-05
14.2483233681763,-70.2623659666895,-6.70600301093214e-05
14.1504710670189,-70.2446123765913,-6.70600244525762e-05
14.0526188816087,-70.2268581334243,-6.70600160673247e-05
13.95476681195,-70.2091032371893,-6.70600175175324e-05
13.8569148580471,-70.191347687887,-6.70600056609146e-05
13.7590630199045,-70.1735914855183,-6.70600151852988e-05
13.6612112975264,-70.1558346300838,-6.70599983288697e-05
13.5633596909171,-70.1380771215844,-6.70600030320335e-05
13.465508200081,-70.1203189600208,-6.70599963961773e-05
13.3676568250225,-70.1025601453938,-6.70599975137542e-05
13.2698055657458,-70.0848006777041,-6.70599810196307e-05
13.1719544222553,-70.0670405569526,-6.70599966305124e-05
13.0741033945553,-70.0492797831399,-6.70599656538674e-05
12.9762524826501,-70.031518356267,-6.70599933454531e-05
12.8784016865442,-70.0137562763344,-6.70599728881834e-05
12.7805510062417,-69.995993543343,-6.70599695150909e-05
12.6827004417471,-69.9782301572936,-6.70599677923391e-05
12.5848499930646,-69.9604661181869,-6.70599559756501e-05
12.4869996601987,-69.9427014260238,-6.705997687813e-05
12.3891494431536,-69.9249360808048,-6.7059938789541e-05
12.2912993419336,-69.907170082531,-6.70599651531283e-05
12.1934493565432,-69.8894034312029,-6.70599432686881e-05
12.0955994869865,-69.8716361268214,-6.70599530558253e-05
11.9977497332681,-69.8538681693872,-6.7059941073943e-05
11.8999000953921,-69.8360995589011,-6.70599245892293e-05
11.8020505733629,-69.818330295364,-6.7059953794785e-05
11.704201167185,-69.8005603787764,-6.70599174039003e-05
11.6063518768624,-69.7827898091393,-6.70599285879644e-05
11.5085027023997,-69.7650185864534,-6.70599287607098e-05
11.4106536438012,-69.7472467107194,-6.70599199420458e-05
11.3128047010711,-69.7294741819381,-6.70599180929622e-05
11.2149558742139,-69.7117010001103,-6.70599047190781e-05
11.1171071632337,-69.6939271652368,-6.70599244329381e-05
11.0192585681351,-69.6761526773182,-6.70598944519571e-05
10.9214100889223,-69.6583775363555,-6.7059895639598e-05
10.8235617255995,-69.6406017423494,-6.70599139494314e-05
10.7257134781713,-69.6228252953005,-6.7059884008886e-05
10.6278653466419,-69.6050481952098,-6.70598982806924e-05
10.5300173310156,-69.5872704420779,-6.70598786903686e-05
10.4321694312967,-69.5694920359057,-6.70598852862314e-05
10.3343216474897,-69.5517129766939,-6.70598878723494e-05
10.2364739795988,-69.5339332644432,-6.70598696403559e-05
10.1386264276283,-69.5161528991545,-6.70598745115478e-05
10.0407789915826,-69.4983718808285,-6.70598665022278e-05
9.94293167146602,-69.480590209466,-6.70598697088695e-05
9.84508446728287,-69.4628078850677,-6.70598549256716e-05
9.74723737903756,-69.4450249076345,-6.70598661714729e-05
9.6493904067343,-69.427241277167,-6.70598503656126e-05
9.55154355037752,-69.4094569936661,-6.70598531669132e-05
9.45369680997151,-69.3916720571325,-6.70598449182666e-05
9.35585018552057,-69.373886467567,-6.70598417803177e-05
9.25800367702913,-69.3561002249704,-6.70598415704061e-05
9.16015728450139,-69.3383133293434,-6.70598386955149e-05
9.06231100794179,-69.3205257806868,-6.70598271491343e-05
8.96446484735461,-69.3027375790014,-6.70598332763369e-05
8.86661880274416,-69.2849487242879,-6.70598271337168e-05
8.76877287411486,-69.2671592165471,-6.70598188089382e-05
8.67092706147093,-69.2493690557798,-6.70598226322196e-05
8.57308136481679,-69.2315782419867,-6.70598055093156e-05
8.47523578415672,-69.2137867751687,-6.7059819009285e-05
8.37739031949505,-69.1959946553264,-6.70598041098284e-05
8.27954497083618,-69.1782018824607,-6.70597943214144e-05
8.18169973818433,-69.1604084565724,-6.70598095328716e-05
8.08385462154392,-69.1426143776621,-6.70598026257349e-05
7.98600962091925,-69.1248196457306,-6.70597746136284e-05
7.88816473631462,-69.1070242607789,-6.70597998417533e-05
7.79031996773446,-69.0892282228075,-6.70597827100486e-05
7.69247531518297,-69.0714315318173,-6.70597851007169e-05
7.59463077866457,-69.053634187809,-6.7059778674848e-05
7.49678635818358,-69.0358361907834,-6.70597615844564e-05
7.39894205374428,-69.0180375407414,-6.70597867950973e-05
7.3010978653511,-69.0002382376835,-6.70597585939525e-05
7.20325379300825,-68.9824382816107,-6.70597623966577e-05
7.10540983672015,-68.9646376725237,-6.70597640970603e-05
7.0075659964911,-68.9468364104232,-6.70597489817148e-05
6.90972227232541,-68.9290344953101,-6.70597540788593e-05
6.81187866422749,-68.9112319271851,-6.70597541154945e-05
6.71403517220155,-68.8934287060489,-6.70597385612947e-05
6.61619179625203,-68.8756248319024,-6.70597427015062e-05
6.51834853638321,-68.8578203047463,-6.70597445637965e-05
6.4205053925994,-68.8400151245813,-6.70597299168966e-05
6.32266236490501,-68.8222092914083,-6.70597218082948e-05
6.22481945330427,-68.8044028052281,-6.7059735440273e-05
6.12697665780159,-68.7865956660413,-6.70597189206704e-05
6.02913397840128,-68.7687878738488,-6.70597204604367e-05
5.93129141510763,-68.7509794286513,-6.70597185028373e-05
5.83344896792505,-68.7331703304496,-6.70597065853553e-05
5.73560663685779,-68.7153605792445,-6.70597139820948e-05
5.63776442191023,-68.6975501750367,-6.70597047549732e-05
5.53992232308669,-68.679739117827,-6.70596981966492e-05
5.44208034039148,-68.6619274076162,-6.70597045271542e-05
5.344238473829,-68.644115044405,-6.70596836275222e-05
5.24639672340347,-68.6263020281943,-6.70596905099242e-05
5.14855508911932,-68.6084883589848,-0.058903832543945
5.05081714575698,-68.59010139541,-0.058900992156489
4.95318623153326,-68.5711417512959,-0.0588981298799472
4.85566568103229,-68.5516100599065,-0.0588952458445684
4.75825882509205,-68.531506973922,-0.0588923401640673
4.66096899069174,-68.5108331654167,-0.058889412914569
4.56379950083851,-68.4895893258363,-0.0588864642117814
4.46675367445481,-68.4677761659745,-0.0588834941607737
4.3698348262658,-68.4453944159488,-0.0588805029028808
4.27304626668663,-68.4224448251754,-0.058877490500168
4.17639130171036,-68.3989281623443,-0.0588744570755075
4.07987323279553,-68.374845215393,-0.058871402772654
3.98349535675416,-68.3501967914794,-0.0588683276379865
3.88726096563999,-68.3249837169552,-0.0588652318574468
3.79117334663641,-68.2992068373369,-0.0588621154894141
3.6952357819453,-68.2728670172778,-0.0588589786584281
3.59945154867532,-68.2459651405385,-0.0588558215029689
3.50382391873077,-68.2185021099566,-0.0588526440937223
3.40835615870066,-68.1904788474166,-0.0588494466024906
3.31305152974754,-68.1618962938179,-0.0588462290794281
3.21791328749717,-68.1327554090437,-0.0588429917153319
3.12294468192776,-68.1030571719275,-0.0588397345494102
3.02814895725971,-68.0728025802208,-0.0588364577643575
2.93352935184564,-68.0419926505585,-0.0588331614494903
2.8390890980602,-68.0106284184247,-0.058829845706718
2.74483142219068,-67.9787109381178,-0.0588265107060536
2.65075954432724,-67.9462412827141,-0.0588231565133423
2.55687667825373,-67.913220544032,-0.0588197832960806
2.46318603133868,-67.8796498325945,-0.0588163911344498
2.36969080442618,-67.8455302775918,-0.0588129801984074
2.2763941917276,-67.8108630268427,-0.0588095505634341
2.18329938071286,-67.7756492467559,-0.0588061023713132
2.09040955200237,-67.7398901222904,-0.0588026357684783
1.99772787925917,-67.703586856915,-0.0587991508465002
1.90525752908093,-67.6667406725677,-0.0587956477515481
1.81300166089283,-67.6293528096142,-0.0587921266059103
1.72096342684002,-67.5914245268057,-0.0587885875343645
1.62914597168077,-67.5529571012362,-0.0587850306628536
1.5375524326798,-67.5139518282993,-0.0587814561028688
1.44618593950154,-67.4744100216442,-0.0587778640425916
1.35504961410423,-67.4343330131307,-0.0587742545376892
1.26414657063373,-67.3937221527846,-0.0587706277536496
1.17347991531784,-67.3525788087516,-0.0587669838355969
1.08305274636106,-67.3109043672507,-0.0587633228722655
0.992868153839076,-67.2687002325275,-0.0587596450306018
0.902929219594282,-67.2259678268063,-0.0587559504363975
0.813239017130875,-67.1827085902418,-0.0587522392167005
0.723800611510643,-67.1389239808703,-0.0587485115009577
0.634617059249032,-67.0946154745603,-0.0587447674206692
0.545691408211123,-67.0497845649623,-0.0587410071161807
0.457026697508533,-67.0044327634582,-0.0587372307484539
0.368625957395991,-66.9585615991096,-0.058733438383003
0.280492209168582,-66.9121726186067,-0.0587296302428648
0.192628465059299,-66.8652673862149,-0.0587258063938386
0.105037728136527,-66.8178474837223,-0.0587219669984909
0.0177229922024658,-66.769914510386,-0.0587181122188323
-0.0693127583087625,-66.7214700828773,-0.0587142421429982
-0.156066548432309,-66.6725158352275,-0.058710356949525
-0.242535412773477,-66.623053418772,-0.0587064567535717
-0.328716395608641,-66.5730845020944,-0.0587025417146688
-0.414606550985229,-66.5226107709698,-0.0586986119512818
-0.500202942821979,-66.4716339283077,-0.0586946676115341
-0.585502645008502,-66.4201556940941,-0.058690708860937
-0.670502741504496,-66.368177805333,-0.0586867357787427
-0.755200326438996,-66.3157020159879,-0.0586827485829775
-0.839592504208659,-66.2627300969216,-0.058678747363877
-0.923676389576316,-66.2092638358366,-0.0586747322623412
-1.0074491077688,-66.1553050372144,-0.0586707034565842
-1.09090779457445,-66.100855522254,-0.0586666610655821
-1.17404959644053,-66.0459171288101,-0.0586626052353656
-1.25687167056983,-65.990491711331,-0.0586585361122209
-1.33937118501735,-65.9345811407954,-0.0586544538377012
-1.42154531878637,-65.878187304649,-0.058650358558239
-1.50339126192409,-65.8213121067405,-0.0586462504282022
-1.58490621561725,-65.7639574672567,-0.0586421295858606
-1.66608739228682,-65.7061253226576,-0.0586379961544216
-1.74693201568287,-65.6478176256108,-0.058633850321231
-1.82743732097868,-65.5890363449248,-0.0586296922279941
-1.90760055486454,-65.5297834654823,-0.058625521971748
-1.98741897564141,-65.4700609881732,-0.0586213397667184
-2.06688985331369,-65.4098709298262,-0.0586171457114823
-2.14601046968209,-65.3492153231407,-0.0586129399917093
-2.22477811843587,-65.2880962166174,-0.0586087227174091
-2.30319010524452,-65.2265156744894,-0.0586044940653085
-2.38124374784954,-65.1644757766515,-0.0586002541764103
-2.45893637615511,-65.10197861859,-0.0585960032063724
-2.53626533231898,-65.0390263113113,-0.0585917412938983
-2.61322797084259,-64.9756209812705,-0.0585874685873714
-2.68982165866081,-64.9117647702992,-0.05858318525626
-2.7660437752315,-64.8474598355325,-0.0585788914250099
-2.84189171262418,-64.7827083493363,-0.0585745872820967
-2.91736287560877,-64.7175124992329,-0.0585702729248048
-2.99245468174361,-64.6518744878275,-0.058565948570512
-3.06716456146302,-64.5857965327327,-0.0585616142954952
-3.14148995816474,-64.519280866494,-0.0585572703318879
-3.21542832829643,-64.4523297365132,-0.0585529167706511
-3.28897714144221,-64.3849454049728,-0.0585485537937971
-3.36213388040847,-64.3171301487588,-0.0585441815411539
-3.43489604130924,-64.2488862593838,-0.0585398001774757
-3.5072611336514,-64.1802160429087,-0.0585354098523384
-3.57922668041889,-64.1111218198649,-0.0585310107150016
-3.65079021815707,-64.0416059251753,-0.0585266029219789
-3.7219492970562,-63.9716707080751,-0.058522186631176
-3.79270148103454,-63.9013185320321,-0.0585177619888544
-3.86304434782122,-63.8305517746664,-0.0585133291565197
-3.93297548903825,-63.7593728276698,-0.0585088882834742
-4.00249251028239,-63.6877840967246,-0.0585044395401737
-4.07159303120641,-63.6157880014217,-0.0584999830536959
-4.14027468559979,-63.543386975179,-0.0584955190007873
-4.20853512146921,-63.4705834651583,-0.0584910475426562
-4.27637200111816,-63.3973799321824,-0.0584865688050629
-4.34378300122649,-63.3237788506518,-0.0584820829850291
-4.41076581292915,-63.2497827084602,-0.0584775901885052
-4.47731814189452,-63.1753940069109,-0.0584730906324849
-4.5434377084025,-63.1006152606307,-0.0451216954545955
-4.60922175501629,-63.0255372371719,-6.6561189240537e-05
-4.67500530568114,-62.9504587733371,-6.65611669529211e-05
-4.74078836039414,-62.8753798691298,-6.65611711124417e-05
-4.80657091915233,-62.8003005245532,-6.65611656183717e-05
-4.87235298195286,-62.7252207396105,-6.65611500471596e-05
-4.93813454879275,-62.6501405143052,-6.65611560343866e-05
-5.00391561966909,-62.5750598486404,-6.65611409444674e-05
-5.06969619457899,-62.4999787426195,-6.656113800207e-05
-5.13547627351947,-62.4248971962458,-6.6561133932919e-05
-5.20125585648768,-62.3498152095225,-6.65611298549602e-05
-5.26703494348065,-62.2747327824529,-6.65611166573914e-05
-5.33281353449547,-62.1996499150404,-6.656112118639e-05
-5.39859162952925,-62.1245666072881,-6.65611064417539e-05
-5.464369228579,-62.0494828591995,-6.65611001035848e-05
-5.53014633164188,-61.9743986707778,-6.65611047005256e-05
-5.59592293871492,-61.8993140420262,-6.65610841324729e-05
-5.6616990497952,-61.8242289729482,-6.65610944482093e-05
-5.72747466487984,-61.7491434635468,-6.6561073745787e-05
-5.79324978396585,-61.6740575138256,-6.65610744727391e-05
-5.85902440705039,-61.5989711237877,-6.65610716329227e-05
-5.92479853413048,-61.5238842934364,-6.65610648410814e-05
-5.99057216520322,-61.448797022775,-6.65610555011398e-05
-6.05634530026571,-61.3737093118068,-6.65610476350392e-05
-6.12211793931497,-61.2986211605352,-6.65610479066408e-05
-6.18789008234816,-61.2235325689633,-6.65610395084213e-05
-6.2536617293623,-61.1484435370945,-6.65610323956789e-05
-6.31943288035448,-61.0733540649321,-6.65610221331352e-05
-6.38520353532182,-60.9982641524794,-6.65610289797869e-05
-6.45097369426132,-60.9231737997396,-6.65610152377084e-05
-6.51674335717015,-60.848083006716,-6.65610069894791e-05
-6.58251252404533,-60.772991773412,-6.65610130459898e-05
-6.64828119488395,-60.6979000998307,-6.65609895755285e-05
-6.71404936968313,-60.6228079859756,-6.6560995834427e-05
-6.77981704843987,-60.5477154318499,-6.6560983311451e-05
-6.84558423115134,-60.4726224374569,-6.65609878976154e-05
-6.91135091781455,-60.3975290027998,-6.65609661852123e-05
-6.97711710842661,-60.3224351278821,-6.65609780301435e-05
-7.04288280298462,-60.2473408127068,-6.65609565844943e-05
-7.1086480014856,-60.1722460572775,-6.65609564268981e-05
-7.17441270392671,-60.0971508615973,-6.65609559273096e-05
-7.24017691030496,-60.0220552256695,-6.65609464423591e-05
-7.30594062061746,-59.9469591494974,-6.65609403164343e-05
-7.3717038348613,-59.8718626330843,-6.6560929087492e-05
-7.43746655303352,-59.7967656764336,-6.65609318963889e-05
-7.50322877513126,-59.7216682795484,-6.65609227549107e-05
-7.56899050115155,-59.6465704424321,-6.65609145605519e-05
-7.63475173109149,-59.571472165088,-6.65609128766635e-05
-7.70051246494818,-59.4963734475193,-6.65609048845606e-05
-7.76627270271863,-59.4212742897294,-6.65608985144008e-05
-7.83203244440002,-59.3461746917215,-6.65608907943236e-05
-7.89779168998935,-59.271074653499,-6.6560887648944e-05
-7.96355043948374,-59.1959741750651,-6.65608883280968e-05
-8.02930869288027,-59.120873256423,-6.65608658568339e-05
-8.09506645017597,-59.0457718975763,-6.65608789624593e-05
-8.16082371136801,-58.9706700985279,-6.65608581042752e-05
-8.22658047645339,-58.8955678592814,-6.65608559791658e-05
-8.29233674542923,-58.82046517984,-6.65608549282055e-05
-8.35809251829262,-58.7453620602069,-6.65608468312983e-05
-8.42384779504058,-58.6702585003855,-6.65608474685219e-05
-8.48960257567027,-58.5951545003789,-6.65608244808499e-05
-8.55535686017872,-58.5200500601907,-6.65608307567688e-05
-8.62111064856302,-58.444945179824,-6.65608298556496e-05
-8.68686394082027,-58.369839859282,-6.65608073476181e-05
-8.7526167369475,-58.2947340985683,-6.656081376819e-05
-8.81836903694187,-58.2196278976859,-6.65608138785402e-05
-8.88412084080039,-58.1445212566381,-6.65607919861006e-05
-8.94987214852016,-58.0694141754284,-6.65607959980409e-05
-9.0156229600983,-57.9943066540599,-6.65607820933587e-05
-9.08137327553181,-57.9191986925361,-6.65607887945695e-05
-9.14712309481786,-57.84409029086,-6.65607741589518e-05
-9.21287241795347,-57.7689814490351,-6.65607728148487e-05
-9.27862124493574,-57.6938721670646,-6.6560763554394e-05
-9.34436957576178,-57.6187624449518,-6.65607567095651e-05
-9.41011741042859,-57.5436522827001,-6.65607508797575e-05
-9.47586474893334,-57.4685416803127,-6.65607539723368e-05
-9.54161159127306,-57.3934306377928,-6.65607333180272e-05
-9.60735793744485,-57.3183191551439,-6.65607387651541e-05
-9.6731037874458,-57.2432072323691,-6.65607313324242e-05
-9.73884914127293,-57.1680948694718,-6.65607241769748e-05
-9.80459399892341,-57.0929820664552,-6.65607156751052e-05
-9.87033836039426,-57.0178688233227,-6.65607080505973e-05
-9.93608222568258,-56.9427551400776,-6.65607110331933e-05
-10.0018255947855,-56.867641016723,-6.65606998542854e-05
-10.0675684676999,-56.7925264532625,-6.65606873480734e-05
-10.1333108444232,-56.7174114496991,-6.65606961678907e-05
-10.1990527249522,-56.6422960060362,-6.65606874864289e-05
-10.264794109284,-56.5671801222771,-6.65606654593593e-05
-10.3305349974159,-56.4920637984251,-6.65606796561947e-05
-10.3962753893447,-56.4169470344835,-6.65606556234128e-05
-10.4620152850678,-56.3418298304555,-6.65606719723361e-05
-10.5277546845819,-56.2667121863445,-6.65606408989933e-05
-10.5934935878844,-56.1915941021538,-6.65606616846396e-05
-10.6592319949722,-56.1164755778865,-6.65606261882757e-05
-10.7249699058425,-56.0413566135462,-6.65606459066495e-05
-10.7907073204923,-55.9662372091359,-6.65606245038681e-05
-10.8564442389187,-55.8911173646591,-6.65606241709513e-05
-10.9221806611188,-55.815997080119,-6.65606292723676e-05
-10.9879165870896,-55.7408763555188,-6.65606015055613e-05
-11.0536520168283,-55.665755190862,-6.65606074180567e-05
-11.1193869503319,-55.5906335861518,-6.65605993814987e-05
-11.1851213875976,-55.5155115413914,-6.65605988600754e-05
-11.2508553286223,-55.4403890565842,-6.65605911636926e-05
-11.3165887734032,-55.3652661317334,-6.65605760899075e-05
-11.3823217219374,-55.2901427668424,-6.65605824870934e-05
-11.4480541742219,-55.2150189619144,-6.65605749353752e-05
-11.5137861302538,-55.1398947169527,-6.65605608086592e-05
-11.5795175900302,-55.0647700319607,-6.65605587629119e-05
-11.6452485535482,-54.9896449069416,-6.65605587315034e-05
-11.7109790208048,-54.9145193418987,-6.65605430715505e-05
-11.7767089917973,-54.8393933368352,-6.65605439870942e-05
-11.8424384665225,-54.7642668917546,-6.65605425535179e-05
-11.9081674449776,-54.68914000666,-6.65605273749797e-05
-11.9738959271597,-54.6140126815548,-6.65605198441216e-05
-12.0396239130659,-54.5388849164423,-6.65605188899398e-05
-12.1053514026933,-54.4637567113257,-6.65605186124033e-05
-12.1710783960389,-54.3886280662083,-6.65605038454936e-05
-12.2368048930998,-54.3134989810935,-6.65605034372434e-05
-12.3025308938731,-54.2383694559845,-6.65604957215016e-05
-12.3682563983558,-54.1632394908847,-6.65604865301427e-05
-12.4339814065452,-54.0881090857972,-6.65604804309358e-05
-12.4997059184382,-54.0129782407255,-6.65604865401094e-05
-12.5654299340319,-53.9378469556727,-6.65604710544867e-05
-12.6311534533234,-53.8627152306422,-6.65604642245825e-05
-12.6968764763098,-53.7875830656373,-6.65604634343209e-05
-12.7625990029881,-53.7124504606613,-6.65604478213058e-05
-12.8283210333556,-53.6373174157174,-6.65604553587037e-05
-12.8940425674091,-53.562183930809,-6.65604392801176e-05
-12.9597636051459,-53.4870500059393,-6.65604408529107e-05
-13.0254841465629,-53.4119156411117,-6.65604301440841e-05
-13.0912041916574,-53.3367808363293,-6.65604243464545e-05
-13.1569237404263,-53.2616455915956,-6.65604101601853e-05
-13.2226427928668,-53.1865099069139,-6.65604218011913e-05
-13.2883613489759,-53.1113737822873,-6.65604088303067e-05
-13.3540794087507,-53.0362372177192,-6.65603996841462e-05
-13.4197969721883,-52.9611002132129,-6.65604006708785e-05
-13.4855140392857,-52.8859627687717,-6.65603913275764e-05
-13.5512306100401,-52.8108248843988,-6.65603772944773e-05
-13.6169466844486,-52.7356865600976,-6.65603842632421e-05
-13.6826622625081,-52.6605477958714,-6.65603686884902e-05
-13.7483773442159,-52.5854085917234,-6.65603682814466e-05
-13.814091929569,-52.5102689476569,-6.65603609699591e-05
-13.8798060185644,-52.4351288636753,-6.65603532520809e-05
-13.9455196111993,-52.3599883397818,-6.65603600340686e-05
-14.0112327074706,-52.2848473759797,-6.65603296488444e-05
-14.0769453073757,-52.2097059722723,-6.65603384503792e-05
-14.1426574109114,-52.134564128663,-6.6560343692436e-05
-14.2083690180748,-52.0594218451549,-6.65603142576295e-05
-14.2740801288632,-51.9842791217514,-6.65603216568702e-05
-14.3397907432735,-51.9091359584558,-6.65603206690833e-05
-14.4055008613028,-51.8339923552713,-6.6560306072577e-05
-14.4712104829482,-51.7588483122013,-6.65603056951433e-05
-14.5369196082068,-51.683703829249,-6.65602906311824e-05
-14.6026282370757,-51.6085589064178,-6.6560290869487e-05
-14.6683363695519,-51.533413543711,-6.65602889502424e-05
-14.7340440056326,-51.4582677411317,-6.65602751785267e-05
-14.7997511453148,-51.3831214986834,-6.65602746127384e-05
-14.8654577885956,-51.3079748163693,-6.65602670776948e-05
-14.9311639354721,-51.2328276941927,-6.65602665903213e-05
-14.9968695859413,-51.1576801321569,-6.65602510746083e-05
-15.0625747400004,-51.0825321302652,-6.65602438150505e-05
-15.1282793976465,-51.0073836885209,-6.65602583628741e-05
-15.1939835588765,-50.9322348069272,-6.6560227830971e-05
-15.2596872236877,-50.8570854854875,-6.65602365502698e-05
-15.325390392077,-50.7819357242051,-6.65602205811114e-05
-15.3910930640416,-50.7067855230833,-6.65602337248739e-05
-15.4567952395785,-50.6316348821252,-6.65601987857867e-05
-15.5224969186849,-50.5564838013344,-6.6560218708606e-05
-15.5881981013578,-50.4813322807139,-6.65601979954999e-05
-15.6538987875943,-50.4061803202672,-6.65602037760694e-05
-15.7195989773914,-50.3310279199975,-6.65601894321812e-05
-15.7852986707463,-50.2558750799081,-6.65601814033256e-05
-15.8509978676561,-50.1807218000023,-6.65601817615433e-05
-15.9166965681178,-50.1055680802834,-6.65601801716452e-05
-15.9823947721285,-50.0304139207546,-6.65601592754124e-05
-16.0480924796853,-49.9552593214194,-6.65601731202483e-05
-16.1137896907852,-49.8801042822809,-6.65601431636694e-05
-16.1794864054255,-49.8049488033425,-6.65601585030796e-05
-16.245182623603,-49.7297928846075,-6.65601420976743e-05
-16.310878345315,-49.6546365260791,-6.65601428794837e-05
-16.3765735705585,-49.5794797277606,-6.65601276320587e-05
-16.4422682993306,-49.5043224896554,-6.65601204333703e-05
-16.5079625316284,-49.4291648117668,-6.65601343651829e-05
-16.5736562674489,-49.3540066940979,-6.65601111421712e-05
-16.6393495067893,-49.2788481366521,-6.65601061059868e-05
-16.7050422496466,-49.2036891394328,-6.65601032777768e-05
-16.7707344960179,-49.1285297024432,-6.65601041397486e-05
-16.8364262459003,-49.0533698256865,-6.65600891153621e-05
-16.9021174992909,-48.9782095091661,-6.65600824153987e-05
-16.9678082561867,-48.9030487528854,-6.65600879113711e-05
-17.0334985165848,-48.8278875568475,-6.65600731554859e-05
-17.0991882804824,-48.7527259210557,-6.6560066732594e-05
-17.1648775478765,-48.6775638455134,-6.65600585623119e-05
-17.2305663187642,-48.6024013302239,-6.65600579662223e-05
-17.2962545931426,-48.5272383751904,-6.65600514858329e-05
-17.3619423710087,-48.4520749804163,-6.65600567304736e-05
-17.4276296523596,-48.3769111459047,-6.65600286537218e-05
-17.4933164371925,-48.3017468716591,-6.65600288180592e-05
-17.5590027255044,-48.2265821576828,-6.65600340033238e-05
-17.6246885172924,-48.1514170039789,-6.65600278733371e-05
-17.6903738125535,-48.0762514105508,-6.65600063071339e-05
-17.7560586112849,-48.0010853774019,-6.65600113684861e-05
-17.8217429134837,-47.9259189045353,-6.65600053796826e-05
-17.8874267191469,-47.8507519919544,-6.65599975772156e-05
-17.9531100282716,-47.7755846396625,-6.6560003728629e-05
-18.0187928408548,-47.7004168476628,-6.65599757320128e-05
-18.0844751568938,-47.6252486159587,-6.65599816985112e-05
-18.1501569763855,-47.5500799445535,-6.6559974567379e-05
-18.2158382993271,-47.4749108334504,-6.65599676577025e-05
-18.2815191257156,-47.3997412826528,-6.65599661737233e-05
-18.3471994555481,-47.3245712921639,-6.6559959729647e-05
-18.4128792888217,-47.249400861987,-6.65599523613489e-05
-18.4785586255334,-47.1742299921255,-6.6559942617541e-05
-18.5442374656805,-47.0990586825825,-6.65599378807822e-05
-18.6099158092599,-47.0238869333615,-6.65599370786997e-05
-18.6755936562687,-46.9487147444657,-6.65599283046172e-05
-18.741271006704,-46.8735421158984,-6.65599287161795e-05
-18.8069478605629,-46.7983690476628,0.00372658390607798
-18.8726683020166,-46.723202548448,-0.00169230202843167
-18.938582839057,-46.6477883039198,0.0106495464714242
-19.0048354213169,-46.57215058881,0.00915755911624892
-19.0714087708578,-46.4962879848866,0.00769785256347786
-19.1382856169415,-46.4201990820981,0.00626847834994667
-19.2054486960649,-46.3438824785174,0.00486756732336456
-19.2728807519947,-46.2673367802882,0.00349332531607515
-19.3405645358033,-46.1905606015684,0.00214402916396849
-19.4084828059029,-46.1135525644754,0.000818022983308209
-19.4766183280808,-46.0363112990301,-0.0004862856257738
-19.5449538755339,-45.9588354431008,-0.00177042888021024
-19.6134722289032,-45.8811236423478,-0.00303588215937694
-19.6821561763091,-45.8031745501664,-0.00428406714422498
-19.7509885133854,-45.7249868276312,-0.00551635465224987
-19.8199520433139,-45.646559143439,-0.00673406760766381
-19.8890295768588,-45.5678901738523,-0.00793848348479959
-19.9582039324011,-45.4889786026425,-0.0091308368835963
-20.0274579359729,-45.4098231210325,-0.0103123219875884
-20.0967744212916,-45.3304224276393,-0.0114840945080532
-20.1661362297936,-45.2507752284175,-0.0126472740634656
-20.235526210669,-45.1708802366005,-0.0138029458624827
-20.3049272208952,-45.0907361726435,-0.0149521627443726
-20.3743221252706,-45.0103417641655,-0.0160959467211083
-20.4436937964488,-44.929695745891,-0.0172352906457334
-20.513025114972,-44.8487968595917,-0.0183711596228276
-20.5822989693052,-44.7676438540285,-0.0195044924893701
-20.6514982558688,-44.6862354848927,-0.020636202831403
-20.7206058790731,-44.6045705147473,-0.0217671803703256
-20.7896047513509,-44.5226477129678,-0.0228982918013157
-20.8584777931914,-44.4404658556841,-0.0240303818235337
-20.9272079331732,-44.3580237257202,-0.0251642738823159
-20.9957781079973,-44.2753201125359,-0.0263007709486625
-21.0641712625204,-44.1923538121667,-0.0274406560721077
-21.132370349788,-44.1091236271643,-0.0285846928976111
-21.2003583310669,-44.0256283665371,-0.0297336260463469
-21.2681181758784,-43.9418668456901,-0.0308881814541175
-21.3356328620305,-43.857837886365,-0.0320490664460672
-21.4028853756512,-43.7735403165798,-0.0332169699102599
-21.4698587112207,-43.6889729705688,-0.0343925622221689
-21.5365358716036,-43.6041346887218,-0.0355764949943179
-21.6028998680822,-43.5190243175241,-0.0367694010182744
-21.6689337203873,-43.433640709495,-0.037971893584
-21.7346204567316,-43.3479827231278,-0.0391845662338879
-21.7999431138415,-43.2620492228282,-0.0404079919301302
-21.8648847369887,-43.1758390788534,-0.0416427224057383
-21.9294283800225,-43.089351167251,-0.0428892871928805
-21.9935571054014,-43.0025843697976,-0.0441481925979893
-22.057253984225,-42.9155375739372,-0.0454199205614629
-22.1205020962654,-42.82820967272,-0.0467049273329944
-22.1832845299987,-42.7405995647399,-0.0480036419092188
-22.2455843826368,-42.6527061540736,-0.0493164645862453
-22.3073847601581,-42.564528350218,-0.0506437650391658
-22.3686687773391,-42.4760650680288,-0.0519858805011433
-22.4294195577855,-42.3873152276574,-0.0533431135958254
-22.4896202339632,-42.2982777544894,-0.0547157301549624
-22.5492539472291,-42.2089515790819,-0.0561039568048695
-22.6083038478619,-42.1193356371012,-0.0575079783636382
-22.6667530950927,-42.02942886926,-0.058927935098046
-22.7245848571361,-41.9392302212546,-0.0603639199137808
-22.7817823112201,-41.8487386437022,-0.0618159751739781
-22.8383286436167,-41.7579530920784,-0.0632840895831801
-22.8942070496723,-41.6668725266535,-0.0647681948134072
-22.9494007338375,-41.5754959124299,-0.0662681618954839
-23.0038929096976,-41.4838222190785,-0.0677837977295893
-23.0576668000023,-41.3918504208758,-0.0693148412024055
-23.1107056366954,-41.2995794966401,-0.0708609593078728
-23.1629926609449,-41.2070084296686,-0.0724217432577557
-23.2145111231722,-41.1141362076732,-0.0739967043374665
-23.265244283082,-41.0209618227171,-0.0755852698523709
-23.3151754096911,-40.9274842711509,-0.077186778926776
-23.3642877813584,-40.8337025535495,-0.0788004784813942
-23.4125646858134,-40.7396156746469,-0.0804255189677854
-23.4599894201856,-40.6452226432733,-0.0820609504938476
-23.5065452910332,-40.5505224722907,-0.0837057187178773
-23.5522156143724,-40.4555141785284,-0.0853586612877393
-23.5969837157049,-40.3601967827193,-0.0870185039813216
-23.6408329300481,-40.2645693094352,-0.0886838576826675
-23.6837466019619,-40.1686307870226,-0.0903532150706464
-23.7257080855784,-40.0723802475382,-0.0920249482505024
-23.7667007446289,-39.9758167266846,-0.0933323781665619
-23.8067118593419,-39.8789403043231,-0.0931712161884515
-23.8457443487032,-39.7817552265775,-0.092624383740573
-23.8838050527195,-39.6842667847911,-0.0920563614504457
-23.9209008259778,-39.586480274991,-0.0914680464233568
-23.9570385376656,-39.4884009978216,-0.0908603418822145
-23.9922250715922,-39.3900342584774,-0.0902341547674087
-24.0264673262081,-39.2913853666368,-0.0895903932348793
-24.0597722146251,-39.1924596363941,-0.0889299643964398
-24.092146664635,-39.0932623861936,-0.088253772023265
-24.1235976187283,-38.9937989387607,-0.0875627144042698
-24.1541320341128,-38.8940746210361,-0.0868576824714801
-24.183756882731,-38.7940947641069,-0.0861395577756696
-24.2124791512773,-38.6938647031395,-0.0854092107494405
-24.2403058412155,-38.5933897773118,-0.0846674991392227
-24.2672439687943,-38.4926753297451,-0.0839152663593474
-24.2933005650642,-38.3917267074354,-0.0831533402146734
-24.3184826758924,-38.2905492611868,-0.0823825315426737
-24.3427973619777,-38.1891483455408,-0.0816036330682227
-24.3662516988658,-38.0875293187102,-0.08081741841001
-24.3888527769627,-37.9856975425088,-0.0800246411430116
-24.4106077015487,-37.8836583822832,-0.0792260338879221
-24.4315235927917,-37.7814172068447,-0.0784223078425275
-24.4516075857599,-37.6789793883989,-0.077614151943611
-24.470866830434,-37.5763503024781,-0.0768022325261669
-24.4893084917189,-37.4735353278712,-0.0759871928702492
-24.5069397494557,-37.3705398465545,-0.0751696529405589
-24.5237677984322,-37.2673692436231,-0.0743502091258119
-24.5397998483931,-37.1640289072202,-0.0735294341091944
-24.5550431240508,-37.0605242284686,-0.0727078768932776
-24.5695048650939,-36.9568606014004,-0.0718860626294047
-24.5831923261978,-36.8530434228871,-0.0710644929989082
-24.5961127770315,-36.7490780925707,-0.070243645968487
-24.6082735022677,-36.6449700127918,-0.0694239764095092
-24.6196818015888,-36.5407245885219,-0.0686059159888389
-24.6303449896953,-36.4363472272912,-0.0677898736848217
-24.6402703963126,-36.3318433391196,-0.0669762360924919
-24.6494653661963,-36.2272183364458,-0.0661653676957378
-24.6579372591396,-36.1224776340569,-0.0653576114803442
-24.6656934499773,-36.017626649018,-0.0645532890993458
-24.6727413285921,-35.9126708006017,-0.0637527016689788
-24.6790882999178,-35.8076155102168,-0.0629561299444272
-24.6847417839445,-35.7024662013387,-0.0621638350456183
-24.6897092157217,-35.5972282994373,-0.061376058892008
-24.6939980453613,-35.491907231907,-0.0605930247225219
-24.6976157380406,-35.3865084279952,-0.0598149376839853
-24.7005697740044,-35.2810373187313,-0.0590419853272569
-24.7028676485666,-35.1754993368561,-0.0582743382353189
-24.7045168721119,-35.0698999167497,-0.0575121504610581
-24.7055249700961,-34.9642444943612,-0.0567555601747314
-24.7058994830474,-34.8585385071365,-0.0560046902244439
-24.7056479665652,-34.7527873939475,-0.0552596485296348
-24.7047779913204,-34.6469965950208,-0.0545205288319031
-24.7032971430541,-34.5411715518651,-0.0537874110192475
-24.7012130225761,-34.4353177072013,-0.0530603617924572
-24.6985332457636,-34.3294405048895,-0.0523394351339778
-24.6952654435577,-34.223545389858,-0.0516246726835988
-24.6914172619617,-34.1176378080317,-0.0509161044545889
-24.6869963620374,-34.0117232062596,-0.0502137490941545
-24.6820104199013,-33.9058070322439,-0.0495176144386746
-24.6764671267202,-33.7998947344678,-0.0488276978954927
-24.6703741887076,-33.693991762123,-0.0481439870000975
-24.6637393271171,-33.5881035650392,-0.0474664596148645
-24.6565702782381,-33.4822355936103,-0.0467950845279492
-24.6488747933892,-33.3763932987242,-0.0461298216697206
-24.640660638912,-33.2705821316896,-0.0454706226007411
-24.6319355961638,-33.1648075441641,-0.0448174307433284
-24.6227074615109,-33.0590749880825,-0.0441701818098492
-24.6129840463201,-32.9533899155843,-0.0435288040261901
-24.6027731769506,-32.847757778942,-0.0428932184337946
-24.5920826947459,-32.7421840304881,-0.0422633392648944
-24.5809204560238,-32.6366741225438,-0.0416390740359689
-24.5692943320671,-32.5312335073465,-0.0410203239588915
-24.5572122091133,-32.4258676369768,-0.040406983962199
-24.544681988345,-32.3205819632878,-0.0397989431556393
-24.5317115858776,-32.2153819378313,-0.0391960847390304
-24.5183089327487,-32.1102730117864,-0.0385982864404235
-24.5044819749058,-32.005260635887,-0.0380054203958449
-24.4902386731946,-31.9003502603495,-0.0374173535956878
-24.4755870033453,-31.7955473348002,-0.0368339476967509
-24.4605349559603,-31.6908573082038,-0.0362550593756403
-24.4450905364998,-31.5862856287899,-0.0356805402728236
-24.4292617652683,-31.4818377439821,-0.0351102371267152
-24.4130566773994,-31.3775191003242,-0.0345439917938208
-24.3964833228412,-31.2733351434092,-0.0339816413228682
-24.379549766341,-31.1692913178062,-0.0334230179647537
-24.3622640874287,-31.0653930669882,-0.0328679491671708
-24.3446343804012,-30.9616458332603,-0.0323162575584936
-24.3266687543054,-30.858055057687,-0.0317677609988013
-24.3083753329206,-30.7546261800197,-0.0312222723779797
-24.2897622547414,-30.6513646386254,-0.0306795997587628
-24.2708376729589,-30.5482758704135,-0.0301395460944298
-24.2516097554431,-30.4453653107638,-0.0296019093188538
-24.232086684723,-30.3426383934549,-0.0290664820931579
-24.2122766579676,-30.2401005505914,-0.0285330517617291
-24.1921878869659,-30.1377572125323,-0.0280014001480738
-24.1718285981066,-30.035613807818,-0.0274713034328957
-24.1512070323578,-29.9336757630994,-0.0269425319432263
-24.1303314452449,-29.8319485030649,-0.0264148499628174
-24.1092101068297,-29.7304374503691,0.0219613916622947
-24.0883550165407,-29.6290499304509,0.0227327213007475
-24.0677739384703,-29.5277887607217,0.0235139706504392
-24.0474746367122,-29.4266567585939,0.0243054467103833
-24.0274648753624,-29.3256567414804,0.0251074586884277
-24.0077524185181,-29.2247915267944,0.0256546588146191
-23.9883419990695,-29.1240629788172,0.0251408439362235
-23.969226225073,-29.023469149297,0.024349975996085
-23.9503946733742,-28.9230071368486,0.0235467683135638
-23.9318369208164,-28.8226740400862,0.0227315422819434
-23.9135425442406,-28.7224669576232,0.021904623476008
-23.895501120486,-28.6223829880728,0.0210663413676281
-23.877702226389,-28.5224192300468,0.0202170292301953
-23.8601354387843,-28.4225727821573,0.0193570236918484
-23.8427903345037,-28.322840743015,0.0184866648565867
-23.8256564903773,-28.2232202112305,0.0176062957755725
-23.8087234832328,-28.1237082854135,0.0167162626245199
-23.7919808898956,-28.0243020641732,0.0158169143336562
-23.775418287189,-27.924998646118,0.0149086026004252
-23.7590252519338,-27.825795129856,0.0139916817575947
-23.7427913609488,-27.7266886139943,0.0130665086630308
-23.7267061910505,-27.6276761971397,0.0121334427037079
-23.7107593190531,-27.5287549778981,0.011192845713422
-23.6949403217685,-27.429922054875,0.0102450819629351
-23.6792387760066,-27.3311745266752,0.00929051809009922
-23.6636442585747,-27.2325094919027,0.00832952327714242
-23.6481463462782,-27.1339240491612,0.00736246902446925
-23.6327346159202,-27.0354152970535,0.0063897294022903
-23.6173986443013,-26.9369803341821,0.00541168098848638
-23.6021280082201,-26.8386162591484,0.00442870294521346
-23.5869122844729,-26.7403201705536,0.00344117709964576
-23.5717410498539,-26.6420891669979,0.00244948796401336
-23.5566038811546,-26.5439203470814,0.00145402299512136
-23.5414903551647,-26.4458108094031,0.00045517242531285
-23.5263900486717,-26.3477576525614,-0.000546670478107242
-23.5112925384603,-26.2497579751545,-0.00155110923466444
-23.4961874013137,-26.1518088757795,-0.00255774430090288
-23.4810642140123,-26.0539074530333,-0.00356617273331285
-23.4659125533346,-25.9560508055116,-0.00457598819785686
-23.4507219960566,-25.85823603181,-0.00558678086669455
-23.4354821189522,-25.7604602305234,-0.00659813727739188
-23.4201824987931,-25.6627205002457,-0.00760964029638656
-23.4048127123485,-25.5650139395708,-0.00862086899119292
-23.3893623363857,-25.4673376470914,-0.00963139860537946
-23.3738209476697,-25.3696887213998,-0.0106408004897541
-23.3581781229629,-25.2720642610876,-0.011648641987965
-23.3424234390259,-25.1744613647461,-0.0125715853115269
-23.3265474895019,-25.0768783298512,-0.0131619975013306
-23.3105449355728,-24.9793182494213,-0.0136710383175959
-23.2944114553043,-24.8817854153609,-0.0141821026053916
-23.2781427267613,-24.7842841195761,-0.0146953378366832
-23.2617344280078,-24.6868186539733,-0.0152108909652146
-23.245182237107,-24.58939331046,-0.0157289084078915
-23.2284818321208,-24.4920123809446,-0.016249536031783
-23.2116288911105,-24.3946801573368,-0.0167729191824604
-23.1946190921364,-24.2974009315464,-0.0172992027638568
-23.1774481132578,-24.200178995485,-0.0178285311214334
-23.1601116325329,-24.1030186410646,-0.0183610481311961
-23.1426053280195,-24.0059241601983,-0.0188968972072048
-23.124924877774,-23.9088998448,-0.0194362212286806
-23.1070659598519,-23.8119499867848,-0.0199791625646931
-23.0890242523081,-23.7150788780684,-0.0205258631153009
-23.0707954331961,-23.6182908105676,-0.0210764641418587
-23.0523751805689,-23.5215900762,-0.021631106465184
-23.0337591724784,-23.4249809668843,-0.022189930184261
-23.0149430869754,-23.32846777454,-0.0227530748498084
-22.9959226021101,-23.2320547910876,-0.0233206792926627
-22.9766933959317,-23.1357463084483,-0.0238928816636441
-22.9572511464881,-23.0395466185447,-0.0244698192908792
-22.9375915318268,-22.9434600132997,-0.0250516287035057
-22.9177102299939,-22.8474907846375,-0.0256384455029395
-22.8976029190349,-22.7516432244834,-0.0262304043417695
-22.8772652769942,-22.6559216247632,-0.0268276387935221
-22.8566929819155,-22.5603302774039,-0.0274302813108125
-22.8358817118412,-22.4648734743331,-0.0280384630616057
-22.8148271448132,-22.3695555074798,-0.0286523139377891
-22.793524958872,-22.2743806687737,-0.0292719622849784
-22.7719708320575,-22.1793532501453,-0.0298975349473151
-22.7501604424087,-22.0844775435261,-0.0305291570063727
-22.7280894679633,-21.9897578408486,-0.0311669517026503
-22.7057535867586,-21.8951984340461,-0.0318110402861721
-22.6831484768306,-21.800803615053,-0.032461541815897
-22.6602698162145,-21.7065776758045,-0.0331185730653347
-22.6371132829444,-21.6125249082367,-0.0337822481951513
-22.6136745550536,-21.5186496042866,-0.0344526787557718
-22.5899493105748,-21.4249560558923,-0.0351299733336982
-22.5659332275391,-21.3314485549927,-0.0354544739442633
-22.5416248664498,-21.2381291893748,-0.0343376295591381
-22.5170343177002,-21.1449912302144,-0.0328456100146993
-22.4921745541591,-21.052025744533,-0.031337666838454
-22.4670585486978,-20.9592237993502,-0.0298147351574971
-22.4416992741904,-20.8665764616834,-0.0282777375091542
-22.4161097035139,-20.7740747985483,-0.0267275835621354
-22.390302809548,-20.6817098769588,-0.0251651699900354
-22.3642915651752,-20.5894727639264,-0.0235913802074836
-22.3380889432809,-20.4973545264612,-0.0220070846474353
-22.311707916753,-20.4053462315711,-0.0204131407290156
-22.2851614584826,-20.3134389462621,-0.0188103933917227
-22.2584625413634,-20.2216237375385,-0.0171996752930694
-22.2316241382917,-20.1298916724022,-0.0155818074453256
-22.2046592221668,-20.0382338178537,-0.0139575997533422
-22.1775807658909,-19.9466412408914,-0.0123278517743299
-22.1504017423685,-19.8551050085117,-0.0106933533501643
-22.1231351245077,-19.763616187709,-0.00905488568523669
-22.0957938852185,-19.672165845476,-0.0074132218555208
-22.0683909974143,-19.5807450488033,-0.00576912818964658
-22.0409394340112,-19.4893448646798,-0.00412336494616976
-22.0134521679276,-19.3979563600922,-0.00247668735476534
-21.9859421720855,-19.3065706020255,-0.000829846916808738
-21.9584224194092,-19.2151786574627,0.000816407827988107
-21.9309058828256,-19.1237715933847,0.00246133009946915
-21.9034055352648,-19.032340476771,0.00410417377655055
-21.8759343496594,-18.9408763745984,0.00574419235899247
-21.8485052989452,-18.8493703538426,0.00738063793586032
-21.8211313560603,-18.7578134814769,0.00901276014630203
-21.7938254939459,-18.6661968244725,0.0106398051156103
-21.7666006855459,-18.5745114497993,0.0122610146805024
-21.7394699038068,-18.4827484244247,0.0138756252443121
-21.7124461216783,-18.3908988153146,0.0154828671010215
-21.6855423121124,-18.2989536894325,0.0170819636160953
-21.6587714480645,-18.2069041137405,0.0186721304025051
-21.632146502492,-18.1147411551986,0.0202525749337024
-21.6056804483559,-18.0224558807646,0.0218224956246668
-21.5793862586195,-17.9300393573949,0.0233810817783394
-21.5532769062489,-17.8374826520434,0.0249275129453024
-21.5273653642132,-17.7447768316624,-0.0224764717729139
-21.5012174211973,-17.6520004828606,-0.0207974481656906
-21.4748464715305,-17.5591467007306,-0.0191259613276383
-21.4482659206833,-17.4662085772427,-0.0174625268119371
-21.421489185247,-17.3731792012101,-0.0158076306042777
-21.3945296929131,-17.280051658255,-0.0141617309608187
-21.3674008824524,-17.1868190307743,-0.0125252605109541
-21.3401162036938,-17.0934743979055,-0.0108986281105451
-21.3126891175028,-17.0000108354931,-0.00928222089216156
-21.2851330957594,-16.9064214160546,-0.00767640598350342
-21.2574616213369,-16.8126992087472,-0.00608153263024977
-21.2296881880783,-16.7188372793336,-0.00449793378836791
-21.2018263007745,-16.6248286901492,-0.00292592805165074
-21.1738894751414,-16.5306665000684,-0.00136582140853005
-21.1458912377962,-16.4363437644715,0.000182091170397058
-21.1178451262339,-16.3418535352115,0.00171752405855875
-21.0897646888044,-16.2471888605811,0.00324019931335137
-21.0616634846871,-16.1523427852799,0.00474984532080768
-21.0335550838678,-16.0573083503818,0.0062461951834929
-21.005453067113,-15.9620785933019,0.00772898551149857
-20.977371025946,-15.866646547764,0.00919795489909781
-20.9493225626209,-15.7710052437688,0.0106528429117346
-20.9213212900975,-15.6751477075606,0.0120933887213634
-20.8933808320158,-15.5790669615961,0.013519330125119
-20.8655148226694,-15.4827560245115,0.0149304024703463
-20.8377369069795,-15.3862079110907,0.0163263377755607
-20.8100607404688,-15.2894156322341,0.0177068637513786
-20.7824999892339,-15.1923721949259,0.0190717031143339
-20.7550683299185,-15.0950706022031,0.0204205728937
-20.7277794496863,-14.997503853124,0.0217531836661147
-20.7006470461926,-14.899664942736,0.0230692392379989
-20.6736848275576,-14.8015468620458,0.0243684359494989
-20.6469065123368,-14.7031425979868,0.0256504625289647
-20.6203258294937,-14.6044451333891,0.0269149996603882
-20.5939565183704,-14.5054474469478,0.0281617197906521
-20.5678123286589,-14.4061425131929,0.0293902871557895
-20.5419070203716,-14.3065233024583,0.0306003576123176
-20.516254363812,-14.2065827808511,0.0317915787969068
-20.4908681395451,-14.1063139102214,0.0329635901726535
-20.4657621383667,-14.0057096481323,0.0329160039439652
-20.4409381360843,-13.9047682979965,0.0280925655319662
-20.4163498149223,-13.8035095608819,0.0221473920518244
-20.3919388338531,-13.7019584872957,0.0162792840459069
-20.367646853078,-13.6001401272882,0.0104823704981069
-20.3434155340725,-13.4980795303892,0.00475069217874699
-20.3191865396307,-13.3958017455451,-0.000921709633274231
-20.2949015339105,-13.2933318210543,-0.0065407106416034
-20.270502182478,-13.1906948045044,-0.0121120259372168
-20.2459301523543,-13.0879157427077,-0.0176411365535445
-20.2211271120596,-12.985019681638,-0.0231332184699231
-20.1960347316599,-12.8820316663663,-0.028593073917278
-20.1705946828131,-12.7789767409968,-0.0340250636288291
-20.144748638814,-12.6758799486029,-0.0394330393666067
-20.1184382746422,-12.5727663311632,-0.0448202767557206
-20.0916052670072,-12.4696609294974,-0.0501894070019779
-20.0641912943961,-12.3665887832014,-0.0555423484563275
-20.0361380371201,-12.2635749305841,-0.0608802369829852
-20.0073871773613,-12.1606444086017,-0.066203355904367
-19.9778803992206,-12.0578222527947,-0.0715110657108321
-19.9475593887645,-11.9551334972221,-0.0768017342399975
-19.9163658340729,-11.8526031743979,-0.0820726681383252
-19.884241425287,-11.750256315226,-0.0873200471222866
-19.8511278546568,-11.6481179489354,-0.0925388619742978
-19.8169668165895,-11.5462131030164,-0.0977228588416103
-19.7817000076976,-11.4445668031544,-0.102864491332232
-19.7452691268477,-11.3432040731669,-0.107954883126476
-19.7076158752081,-11.2421499349373,-0.112983803829703
-19.6686819562983,-11.1414294083507,-0.117939660673812
-19.6284090760375,-11.041067511229,-0.122809509587122
-19.5867389427938,-10.9410892592658,-0.127579088332003
-19.543613267433,-10.8415196659615,-0.132232874799969
-19.4989737633682,-10.7423837425585,-0.136754173667729
-19.452762146609,-10.6437064979758,-0.141125233351777
-19.4049201358111,-10.5455129387446,-0.14532739561976
-19.3553894523259,-10.4478280689426,-0.149341278612501
-19.3041118202504,-10.3506768901293,-0.153146993946909
-19.2510289664773,-10.2540844012807,-0.156724396331033
-19.1960826207445,-10.1580755987243,-0.160053363999357
-19.139214515686,-10.0626754760742,-0.161427018123794
-19.080388329876,-9.96790452066973,-0.155955940164486
-19.0196555211698,-9.87376520214029,-0.148978878824423
-18.9570895052393,-9.78025548129409,-0.142218872554699
-18.8927637135556,-9.68737331335786,-0.135679156966932
-18.8267515932825,-9.59511664794447,-0.129360233498812
-18.7591266071683,-9.50348342902002,-0.123260286620348
-18.689962233438,-9.41247159487138,-0.117375558707606
-18.6193319656838,-9.32207907807408,-0.111700681894566
-18.5473093127561,-9.2323038054595,-0.106228968436913
-18.4739677986534,-9.14314369808338,-0.10095266116705
-18.3993809624118,-9.05459667119334,-0.0958631469294193
-18.3236223579941,-8.96666063419738,-0.0909511357701907
-18.2467655541783,-8.87933349063204,-0.0862068090480339
-18.168884134445,-8.79261313813068,-0.0816199394450015
-18.0900516968659,-8.70649746839238,-0.0771799859009408
-18.0103418539895,-8.62098436715022,-0.0728761658609997
-17.9298282327284,-8.5360717141405,-0.0686975077312358
-17.848584474245,-8.4517573830715,-0.0646328853144425
-17.7666842338363,-8.36803924159249,-0.06067103615063
-17.6842011808201,-8.28491515126328,-0.0568005656779495
-17.6012089984179,-8.20238296752328,-0.053009937833975
-17.5177813836401,-8.12044053966128,-0.0492874537583284
-17.4339920471688,-8.03908571078499,-0.0456212187911053
-17.3499147132407,-7.95831631779074,-0.0419990984385335
-17.2656231195305,-7.8781301913337,-0.0384086634269599
-17.1811910170317,-7.79852515579764,-0.0348371235873283
-17.0966921699391,-7.71949902926545,-0.0312712503499245
-17.0122003555298,-7.64104962348938,-0.0283398639196801
-16.9277765445067,-7.56317449307807,-0.027973513190924
-16.8434304402881,-7.48587018307879,-0.0282496512001633
-16.7591589340709,-7.40913298123088,-0.0285234602043438
-16.6749589238449,-7.33295916871242,-0.0287947685037661
-16.5908273143707,-7.2573450201131,-0.0290634024358143
-16.5067610171565,-7.18228680340733,-0.0293291864832244
-16.4227569504361,-7.1077807799278,-0.0295919434406312
-16.3388120391451,-7.03382320433866,-0.0298514945848469
-16.2549232148992,-6.96041032460939,-0.0301076598335118
-16.1710874159704,-6.88753838198848,-0.0303602579840678
-16.0873015872636,-6.81520361097727,-0.030609106782725
-16.0035626802941,-6.74340223930425,-0.0308540232581423
-15.9198676531633,-6.67213048789905,-0.0310948237927225
-15.8362134705359,-6.60138457086706,-0.0313313244499375
-15.7525971036156,-6.53116069546387,-0.0315633410705997
-15.6690155301217,-6.46145506206991,-0.0317906895904108
-15.5854657342649,-6.39226386416549,-0.0320131861838853
-15.5019447067234,-6.32358328830559,-0.0322306475739794
-15.4184494446187,-6.25540951409524,-0.0324428911830905
-15.3349769514911,-6.18773871416479,-0.0326497354208464
-15.2515242372756,-6.1205670541452,-0.0328509999250108
-15.1680883182772,-6.05389069264406,-0.0330465057898077
-15.084666217146,-5.98770578122098,-0.033236075810532
-15.001254962853,-5.92200846436387,-0.0334195347583747
-14.9178515906643,-5.85679487946495,-0.0335967095884757
-14.8344531421169,-5.79206115679687,-0.0337674297688624
-14.7510566649931,-5.72780341948944,-0.0339315274138745
-14.6676592132954,-5.66401778350592,-0.0340888376718551
-14.584257847221,-5.60070035762002,-0.0342391988953812
-14.5008496331364,-5.53784724339271,-0.0343824528919192
-14.4174316435513,-5.47545453514919,-0.0345184452140834
-14.3340009570938,-5.41351831995638,-0.0346470253754328
-14.2505546584837,-5.3520346776,-0.0347680471261883
-14.1670898385066,-5.29099968056241,-0.0348813686422815
-14.0836035939883,-5.23040939400021,-0.0349868528098308
-14.000093027768,-5.17025987572199,-0.0350843674328355
-13.9165552486724,-5.11054717616666,-0.0351737854810806
-13.832987371489,-5.05126733838134,-0.0352549852724322
-13.7493865169393,-4.992416398,-0.0353278506962599
-13.6657498116528,-4.93399038322185,-0.0353922714488461
-13.5820743881398,-4.87598531478993,-0.0354481432238259
-13.4983573847641,-4.81839720597027,-0.0354953678210987
-13.4145959457169,-4.76122206253056,-0.0355338534660628
-13.3307872209885,-4.70445588271961,-0.0355635148353638
-13.2469283663422,-4.6480946572466,-0.0355842733303296
-13.1630165432861,-4.59213436926047,-0.0355960571523884
-13.079048919046,-4.53657099432986,-0.0355988014569799
-12.9950226665379,-4.48140050042266,-0.0355924485284777
-12.9109349643397,-4.42661884788628,-0.0355769477900743
-12.8267829966645,-4.37222198942767,-0.0355522560370906
-12.7425639533311,-4.31820587009365,-0.0355183373814811
-12.6582750297375,-4.26456642725159,-0.0354751634604624
-12.5739134268321,-4.2112995905698,-0.0354227134197766
-12.4894763510853,-4.15840128199864,-0.0353609739957439
-12.404961014461,-4.10586741575141,-0.0352899394929278
-12.3203646343891,-4.05369389828542,-0.0352096119505491
-12.2356844337358,-4.00187662828361,-0.0351200009414648
-12.1509176407753,-3.9504114966357,-0.0350211237774342
-12.0660614891615,-3.8992943864202,-0.0349130053418142
-11.9811132178984,-3.84852117288604,-0.0347956781396423
-11.8960700713113,-3.79808772343463,-0.0346691822054321
-11.810929299018,-3.7479898976021,-0.0345335650887858
-11.7256881558994,-3.69822354704155,-0.0343888817494274
-11.6403439020698,-3.64878451550567,-0.0342351944799461
-11.5548938028483,-3.59966863882938,-0.0340725728493005
-11.4693351287282,-3.55087174491263,-0.0339010934973248
-11.3836651553485,-3.50238965370355,-0.0337208401523475
-11.2978811634635,-3.45421817718149,-0.033531903374059
-11.211980438913,-3.40635311934053,-0.0333343804970316
-11.1259602725925,-3.35879027617296,-0.03312837541464
-11.0398179604231,-3.31152543565287,-0.0329139984684281
-10.9535508033217,-3.26455437772027,-0.0326913662530276
-10.8671561071699,-3.21787287426484,-0.0324606014026472
-10.7806311827848,-3.1714766891104,-0.0322218324915877
-10.6939733458877,-3.12536157799919,-0.0319751937166236
-10.6071799170737,-3.07952328857634,-0.0317208247648951
-10.5202482217817,-3.03395756037477,-0.0314588706355238
-10.4331755902626,-2.98866012479994,-0.0311894812918254
-10.3459593575496,-2.94362670511499,-0.0309128115912997
-10.2585968634264,-2.89885301642604,-0.0306290209318517
-10.1710854523967,-2.85433476566742,-0.0303382730972027
-10.0834224736527,-2.81006765158746,-0.0300407359609521
-9.99560528104425,-2.76604736473406,-0.0297365813032546
-9.9076312330474,-2.72226958744079,-0.0294259845184258
-9.81949769273294,-2.67872999381288,-0.02910912439246
-9.73120202773486,-2.63542424971348,-0.028786182854594
-9.64274161021901,-2.59234801275023,-0.0284573447140907
-9.55411381685107,-2.54949693226168,-0.0281227974401328
-9.46531602876511,-2.50686664930427,-0.0277827308844621
-9.37634563153162,-2.4644527966392,-0.0274373370509503
-9.28720001512531,-2.42225099871952,-0.0270868098435488
-9.19787657389352,-2.38025687167756,-0.0267313448322214
-9.10837270652359,-2.33846602331225,-0.0263711389898543
-9.01868581601105,-2.29687405307694,-0.0260063904781163
-8.92881330962714,-2.25547655206715,-0.0256372983960446
-8.83875259888624,-2.21426910300848,-0.0252640625553482
-8.74850109951373,-2.17324728024496,-0.024886883245444
-8.65805623141303,-2.13240664972721,-0.0245059610246654
-8.56741541863327,-2.09174276900113,-0.0241214964792878
-8.47657608933639,-2.05125118719652,-0.0237336900333113
-8.38553567576416,-2.01092744501582,-0.0233427417286482
-8.29429161420559,-1.9707670747234,-0.0229488510215541
-8.20284134496354,-1.93076560013455,-0.0225522165895845
-8.11118231232195,-1.89091853660497,-0.0221530361491083
-8.01931196451256,-1.85122139102036,-0.0217515062537395
-7.92722775368145,-1.81166966178603,-0.0213478221353901
-7.83492713585609,-1.77225883881695,-0.020942177522491
-7.74240757091148,-1.73298440352771,-0.02225983090482
-7.64966975834515,-1.69386213823114,-0.040159032280746
-7.55674670793684,-1.65510349212443,-0.0449999429873668
-7.4636491958907,-1.61676632588514,-0.0450001301262881
-7.37037914664041,-1.57885143095069,-0.0450003298251064
-7.27693848820965,-1.54135958997173,-0.0450005420772857
-7.18332915217232,-1.50429157679596,-0.0450007668793654
-7.08955307361219,-1.46764815645197,-0.0450010042290685
-6.99561219108252,-1.4314300851333,-0.0450012541189515
-6.90150844656603,-1.39563811018279,-0.0450015165473199
-6.80724378543409,-1.36027297007691,-0.0450017915062261
-6.71282015640663,-1.32533539441051,-0.0450020789912937
-6.61823951151142,-1.29082610388158,-0.0450023790014435
-6.52350380604328,-1.25674581027624,-0.0450026915223581
-6.42861499852379,-1.22309521645398,-0.0450030165556521
-6.33357505066008,-1.18987501633295,-0.0450033540934221
-6.23838592730442,-1.15708589487565,-0.0450037041246693
-6.14304959641315,-1.12472852807456,-0.0450040666517936
-6.04756802900555,-1.09280358293811,-0.0450044416578189
-5.95194319912326,-1.06131171747684,-0.0450048291429371
-5.85617708378874,-1.03025358068963,-0.0450052290966296
-5.76027166296448,-0.999629812550277,-0.0450056415121361
-5.6642289195117,-0.969441043994153,-0.0450060663818216
-5.56805083914887,-0.939687896905009,-0.0450065036963171
-5.47173941041083,-0.910370984102159,-0.0450069534496147
-5.37529662460691,-0.881490909327596,-0.0450074156313318
-5.27872447577992,-0.853048267233541,-0.045007890233182
-5.1820249606645,-0.825043643370024,-0.0450083772467745
-5.08520007864537,-0.797477614172649,-0.0450088766619149
-4.98825183171614,-0.770350746950709,-0.0450093884702344
-4.8911822244372,-0.743663599875263,-0.0450099126610215
-4.7939932638944,-0.717416721967622,-0.0450104492245271
-4.69668695965713,-0.691610653087881,-0.0450109981519928
-4.59926532373629,-0.666245923923645,-0.045011559430293
-4.5017303705429,-0.641323055979083,-0.0450121330516142
-4.40408411684564,-0.616842561563965,-0.0450127190032179
-4.30632858172935,-0.592804943783101,-0.0450133172745895
-4.20846578655282,-0.569210696525828,-0.0450139278546063
-4.11049775490655,-0.546060304455693,-0.0450145507315827
-4.01242651257105,-0.523354243000464,-0.0450151858933728
-3.91425408747424,-0.501092978342129,-0.045015833328193
-3.81598250964964,-0.479276967407288,-0.0450164930238347
-3.71761381119396,-0.457906657857606,-0.0450171649674146
-3.61915002622466,-0.436982488080461,-0.0450178491468367
-3.52059319083798,-0.416504887179906,-0.0450185455483685
-3.42194534306618,-0.396474274967649,-0.0450192541597036
-3.32320852283546,-0.376891061954395,-0.0450199749664475
-3.2243847719234,-0.35775564934127,-0.0450207079552161
-3.12547613391628,-0.339068429011439,-0.0450214531124204
-3.02648465416696,-0.320829783522032,-0.045022210423953
-2.92741237975184,-0.303040086096094,-0.0450229798748162
-2.82826135942871,-0.285699700614895,-0.0450237614508568
-2.7290336435939,-0.268808981610322,-0.0450245551371729
-2.62973128423948,-0.252368274257479,-0.0450253609188947
-2.53035633491094,-0.236377914367571,-0.0450261787799288
-2.43091085066402,-0.220838228380835,-0.0450270087059813
-2.33139688802232,-0.205749533359821,-0.0450278506799318
-2.23181650493437,-0.191112136982757,-0.0450287046872199
-2.1321717607306,-0.176926337537132,-0.045029570710233
-2.03246471608092,-0.163192423913538,-0.0450304487333617
-1.93269743295137,-0.1499106755996,-0.0450313387393694
-1.83287197456164,-0.137081362674214,-0.0450322407123665
-1.73299040534189,-0.124704745801903,-0.0450331546337549
-1.63305479088973,-0.112781076227372,-0.0450340804872298
-1.53306719792755,-0.101310595770329,-0.0450350182547064
-1.4330296942591,-0.0902935368203987,-0.0450359679185487
-1.33294434872686,-0.0797301223323353,-0.0450369294605316
-1.23281323116881,-0.0696205658213596,-0.0450379028626044
-1.13263841237518,-0.0599650713587017,-0.0450388881057938
-1.0324219640458,-0.0507638335673937,-0.0450398851718044
-0.932165958746489,-0.0420170376181761,-0.0450398851718044
